Rank,University,URL
1,Massachusetts Institute of Technology,http://www.mit.edu/
2,Stanford University,http://www.stanford.edu/
3,Harvard University,http://www.harvard.edu/
4,"University of California, Berkeley",http://www.berkeley.edu/
5,Cornell University,http://www.cornell.edu/
6,University of Washington,http://www.washington.edu/
7,"University of California, Los Angeles",http://www.ucla.edu/
8,University of Michigan,http://umich.edu/
9,Purdue University,http://www.purdue.edu/
10,University of Wisconsin-Madison,http://www.wisc.edu/
11,Columbia University in the City of New York,http://www.columbia.edu/
12,Penn State University,http://www.psu.edu/
13,University of Minnesota,http://www.umn.edu/
14,The University of Texas at Austin,http://www.utexas.edu/
15,University of Illinois at Urbana-Champaign,http://illinois.edu/
16,University of Southern California,http://www.usc.edu/
17,"University of California, Irvine",http://uci.edu/
18,New York University,http://www.nyu.edu/
19,"University of California, San Diego",http://www.ucsd.edu/
20,University of Pennsylvania,http://www.upenn.edu/
21,Carnegie Mellon University,http://www.cmu.edu/
22,Princeton University,http://www.princeton.edu/
23,"University of California, Davis",http://www.ucdavis.edu/
24,Yale University,http://www.yale.edu/
25,University of Chicago,http://www.uchicago.edu/
26,University of Florida,http://www.ufl.edu/
27,University of Maryland,http://www.umd.edu/
28,Arizona State University,http://www.asu.edu/
29,Michigan State University,http://msu.edu/
30,University of North Carolina at Chapel Hill,http://www.unc.edu/
31,University of Colorado Boulder,http://www.colorado.edu/
32,Johns Hopkins University,http://www.jhu.edu/
33,Northwestern University,http://www.northwestern.edu/
34,Texas A&M University,http://www.tamu.edu/
35,Duke University,http://duke.edu/
36,Boston University,http://www.bu.edu/
37,The University of Arizona,http://www.arizona.edu/
38,"Rutgers, The State University of New Jersey",http://www.rutgers.edu/
39,University of Virginia,http://www.virginia.edu/
40,Georgia Institute of Technology,http://www.gatech.edu/
41,"University of California, Santa Barbara",http://www.ucsb.edu/
42,The University of Utah,http://www.utah.edu/
43,The Ohio State University,http://www.osu.edu/
44,North Carolina State University,http://www.ncsu.edu/
45,University of Pittsburgh,http://www.pitt.edu/
46,Virginia Polytechnic Institute and State University,http://vt.edu/
47,Washington University in St. Louis,http://wustl.edu/
48,Tufts University,http://www.tufts.edu/
49,Oregon State University,http://oregonstate.edu/
50,Indiana University Bloomington,http://www.indiana.edu/
51,California Institute of Technology,http://www.caltech.edu/
52,"University of California, Santa Cruz",http://www.ucsc.edu/
53,Iowa State University of Science and Technology,http://www.iastate.edu/
54,University of Georgia,http://www.uga.edu/
55,Vanderbilt University,http://www.vanderbilt.edu/
56,Georgia State University,http://www.gsu.edu/
57,University of Oregon,http://www.uoregon.edu/
58,University of Iowa,http://uiowa.edu/
59,University of Massachusetts Amherst,http://www.umass.edu/
60,Georgetown University,http://www.georgetown.edu/
61,University of Delaware,http://www.udel.edu/
62,University of Nebraska-Lincoln,http://www.unl.edu/
63,Brigham Young University,http://www.byu.edu/
64,Colorado State University,http://www.colostate.edu/
65,Florida State University,http://www.fsu.edu/
66,University of South Florida,http://www.usf.edu/
67,George Mason University,http://www.gmu.edu/
68,University of Central Florida,http://www.ucf.edu/
69,University of Notre Dame,http://www.nd.edu/
70,University of Houston,http://www.uh.edu/
71,"University at Buffalo, State University of New York",http://www.buffalo.edu/
72,George Washington University,http://www.gwu.edu/
73,Washington State University,http://wsu.edu/
74,"University of California, Riverside",http://www.ucr.edu/
75,Dartmouth College,http://dartmouth.edu/
76,University of Rochester,http://www.rochester.edu/
77,Brown University,http://www.brown.edu/
78,Emory University,http://www.emory.edu/
79,"University of California, San Francisco",http://www.ucsf.edu/
80,Rice University,http://www.rice.edu/
81,University of Connecticut,http://uconn.edu/
82,University of Kansas,http://www.ku.edu/
83,University of Illinois at Chicago,http://www.uic.edu/
84,University of Kentucky,http://www.uky.edu/
85,University of Missouri,http://missouri.edu/
86,"The University of Tennessee, Knoxville",http://www.utk.edu/
87,University of Cincinnati,http://www.uc.edu/
88,University of North Texas,http://www.unt.edu/
89,University of South Carolina,http://www.sc.edu/
90,San Diego State University,http://www.sdsu.edu/
91,University of Miami,http://www.miami.edu/
92,Virginia Commonwealth University,http://www.vcu.edu/
93,Rochester Institute of Technology,http://www.rit.edu/
94,Temple University,http://www.temple.edu/
95,University of New Mexico,http://www.unm.edu/
96,Drexel University,http://drexel.edu/
97,Rensselaer Polytechnic Institute,http://www.rpi.edu/
98,The University of Oklahoma,http://www.ou.edu/
99,"California Polytechnic State University, San Luis Obispo",http://www.calpoly.edu/
100,Portland State University,http://www.pdx.edu/
101,San José State University,http://www.sjsu.edu/
102,"California State University, Fullerton",http://www.fullerton.edu/
103,University of Vermont,http://www.uvm.edu/
104,Boston College,http://www.bc.edu/
105,Florida International University,http://www.fiu.edu/
106,Louisiana State University,http://www.lsu.edu/
107,Case Western Reserve University,http://case.edu/
108,The University of Alabama,http://www.ua.edu/
109,San Francisco State University,http://www.sfsu.edu/
110,Clemson University,http://www.clemson.edu/
111,Oklahoma State University,http://www.okstate.edu/
112,Kent State University,http://www.kent.edu/
113,Syracuse University,http://www.syracuse.edu/
114,Wayne State University,http://wayne.edu/
115,University of New Hampshire,http://www.unh.edu/
116,Northeastern University,http://www.northeastern.edu/
117,"California State University, Northridge",http://www.csun.edu/
118,DePaul University,http://www.depaul.edu/
119,The University of Texas at Dallas,http://www.utdallas.edu/
120,Auburn University,http://www.auburn.edu/
121,Loyola University Chicago,http://www.luc.edu/
122,The University of Tennessee at Martin,http://www.utm.edu/
123,Fordham University,http://www.fordham.edu/
124,Utah State University,http://www.usu.edu/
125,West Virginia University,http://www.wvu.edu/
126,Texas Tech University,http://www.ttu.edu/
127,Stony Brook University,http://www.stonybrook.edu/
128,American University,http://www.american.edu/
129,"University of Maryland, Baltimore County",http://www.umbc.edu/
130,Michigan Technological University,http://www.mtu.edu/
131,Tulane University,http://tulane.edu/
132,Southern Methodist University,http://www.smu.edu/
133,Baylor University,http://www.baylor.edu/
134,University of Wisconsin-Milwaukee,http://uwm.edu/
135,University of Denver,http://www.du.edu/
136,"University at Albany, State University of New York",http://www.albany.edu/
137,The University of Texas at Arlington,http://www.uta.edu/
138,Ohio University,http://www.ohio.edu/
139,Northern Arizona University,http://nau.edu/
140,Santa Clara University,http://www.scu.edu/
141,University of Alabama at Birmingham,http://www.uab.edu/
142,Western Michigan University,http://www.wmich.edu/
143,Kansas State University,http://www.k-state.edu/
144,Liberty University,http://www.liberty.edu/
145,Northern Illinois University,http://www.niu.edu/
146,University of Arkansas,http://www.uark.edu/
147,United States Air Force Academy,http://www.usafa.af.mil/
148,"California State University, Long Beach",http://www.csulb.edu/
149,Illinois Institute of Technology,http://www.iit.edu/
150,Indiana University - Purdue University Indianapolis,http://www.iupui.edu/
151,"California State Polytechnic University, Pomona",http://www.cpp.edu/
152,University of Missouri-Kansas City,http://www.umkc.edu/
153,College of William & Mary,http://www.wm.edu/
154,Mississippi State University,http://www.msstate.edu/
155,Florida Atlantic University,http://www.fau.edu/
156,Lamar University,http://www.lamar.edu/
157,Brandeis University,http://www.brandeis.edu/
158,University of Idaho,http://www.uidaho.edu/
159,New Mexico State University,http://www.nmsu.edu/
160,The New School,http://www.newschool.edu/
161,"University of Nevada, Reno",http://www.unr.edu/
162,Montana State University,http://www.montana.edu/
163,"Binghamton University, State University of New York",http://www.binghamton.edu/
164,James Madison University,http://www.jmu.edu/
165,"California State University, Sacramento",http://www.csus.edu/
166,University of North Carolina at Charlotte,http://www.uncc.edu/
167,Swarthmore College,http://www.swarthmore.edu/
168,Saint Louis University,http://www.slu.edu/
169,"University of Nevada, Las Vegas",http://www.unlv.edu/
170,Wake Forest University,http://www.wfu.edu/
171,Southern New Hampshire University,http://www.snhu.edu/
172,Oregon Health & Science University,http://www.ohsu.edu/
173,Nova Southeastern University,http://www.nova.edu/
174,Worcester Polytechnic Institute,http://www.wpi.edu/
175,University of Colorado Denver,http://www.ucdenver.edu/
176,University of Rhode Island,http://www.uri.edu/
177,East Carolina University,http://www.ecu.edu/
178,Old Dominion University,http://www.odu.edu/
179,Western Washington University,http://www.wwu.edu/
180,Appalachian State University,http://www.appstate.edu/
181,University of Louisville,http://louisville.edu/
182,Bowling Green State University,http://www.bgsu.edu/
183,Kennesaw State University,http://www.kennesaw.edu/
184,University of Wyoming,http://www.uwyo.edu/
185,Texas State University,http://www.txstate.edu/
186,Marquette University,http://www.marquette.edu/
187,Middlebury College,http://www.middlebury.edu/
188,Lehigh University,http://www.lehigh.edu/
189,University of Mississippi,http://www.olemiss.edu/
190,University of San Francisco,http://www.usfca.edu/
191,Miami University,http://miamioh.edu/
192,Carleton College,http://www.carleton.edu/
193,Pace University,http://www.pace.edu/
194,University of North Dakota,http://und.edu/
195,University of Maryland University College,http://www.umuc.edu/
196,Grand Valley State University,http://www.gvsu.edu/
197,"California State University, Chico",http://www.csuchico.edu/
198,The University of Texas MD Anderson Cancer Center,http://www.mdanderson.org/
199,New Jersey Institute of Technology,http://www.njit.edu/
200,Berklee College of Music,http://www.berklee.edu/
201,Ball State University,http://www.bsu.edu/
202,Southern Illinois University Carbondale,http://siu.edu/
203,Boise State University,http://www.boisestate.edu/
204,Villanova University,http://www.villanova.edu/
205,Towson University,http://www.towson.edu/
206,"University of Maryland, Baltimore",http://www.umaryland.edu/
207,The University of Texas at San Antonio,http://www.utsa.edu/
208,University of Akron,http://www.uakron.edu/
209,University of Alaska Fairbanks,http://www.uaf.edu/
210,University of Dayton,http://www.udayton.edu/
211,University of Massachusetts Lowell,http://www.uml.edu/
212,Grand Canyon University,http://www.gcu.edu/
213,Calvin College,http://calvin.edu/
214,University of Massachusetts Boston,http://www.umb.edu/
215,Wesleyan University,http://www.wesleyan.edu/
216,Smith College,http://www.smith.edu/
217,Illinois State University,http://illinoisstate.edu/
218,University of San Diego,http://www.sandiego.edu/
219,The University of Maine,http://umaine.edu/
220,University of Northern Iowa,http://uni.edu/
221,University of North Carolina at Greensboro,http://www.uncg.edu/
222,Creighton University,http://www.creighton.edu/
223,Bucknell University,http://www.bucknell.edu/
224,University of Richmond,http://www.richmond.edu/
225,Embry-Riddle Aeronautical University,http://erau.edu/
226,Brigham Young University-Idaho,http://www.byui.edu/
227,Loyola Marymount University,http://www.lmu.edu/
228,Williams College,http://www.williams.edu/
229,The University of Texas at El Paso,http://www.utep.edu/
230,Mount Holyoke College,http://www.mtholyoke.edu/
231,Chapman University,http://www.chapman.edu/
232,"California State University, Fresno",http://www.fresnostate.edu/
233,The University of Memphis,http://www.memphis.edu/
234,"California State University, Los Angeles",http://www.calstatela.edu/
235,Pepperdine University,http://www.pepperdine.edu/
236,University of Toledo,http://www.utoledo.edu/
237,North Dakota State University,http://www.ndsu.edu/
238,Middle Tennessee State University,http://www.mtsu.edu/
239,Western Kentucky University,http://www.wku.edu/
240,Wright State University,http://www.wright.edu/
241,Central Michigan University,http://www.cmich.edu/
242,Clark University,http://www.clarku.edu/
243,Sonoma State University,http://www.sonoma.edu/
244,Yeshiva University,http://www.yu.edu/
245,Missouri State University,http://www.missouristate.edu/
246,Savannah College of Art and Design,http://www.scad.edu/
247,Baylor College of Medicine,http://www.bcm.edu/
248,Gonzaga University,http://www.gonzaga.edu/
249,The University of Montana,http://www.umt.edu/
250,Bryn Mawr College,http://www.brynmawr.edu/
251,Seton Hall University,http://www.shu.edu/
252,University of Texas Southwestern Medical Center,http://www.utsouthwestern.edu/
253,University of Missouri-St. Louis,http://www.umsl.edu/
254,Colby College,http://www.colby.edu/
255,Amherst College,http://www.amherst.edu/
256,Kenyon College,http://www.kenyon.edu/
257,Thomas Jefferson University,http://www.jefferson.edu/
258,Hofstra University,http://www.hofstra.edu/
259,United States Military Academy,http://www.usma.edu/
260,Cleveland State University,http://www.csuohio.edu/
261,University of North Florida,http://www.unf.edu/
262,Harvey Mudd College,http://www.hmc.edu/
263,Florida Institute of Technology,http://www.fit.edu/
264,Vassar College,http://www.vassar.edu/
265,University of St. Thomas,http://www.stthomas.edu/
266,Rowan University,http://www.rowan.edu/
267,Eastern Michigan University,http://www.emich.edu/
268,University of North Carolina Wilmington,http://www.uncw.edu/
269,Humboldt State University,http://www.humboldt.edu/
270,Central Washington University,http://www.cwu.edu/
271,Colorado School of Mines,http://www.mines.edu/
272,Missouri University of Science and Technology,http://www.mst.edu/
273,University of Southern Mississippi,http://www.usm.edu/
274,Wichita State University,http://www.wichita.edu/
275,Medical University of South Carolina,http://www.musc.edu/
276,Oberlin College,http://www.oberlin.edu/
277,Oakland University,http://www.oakland.edu/
278,Marist College,http://www.marist.edu/
279,University of Massachusetts Medical School,http://www.umassmed.edu/
280,Idaho State University,http://www.isu.edu/
281,East Tennessee State University,http://www.etsu.edu/
282,College of Charleston,http://www.cofc.edu/
283,Wellesley College,http://www.wellesley.edu/
284,Sam Houston State University,http://www.shsu.edu/
285,"California State University, Dominguez Hills",http://www.csudh.edu/
286,Beloit College,http://www.beloit.edu/
287,Ithaca College,http://www.ithaca.edu/
288,University of Nebraska at Omaha,http://www.unomaha.edu/
289,Southern Illinois University Edwardsville,http://www.siue.edu/
290,"Minnesota State University, Mankato",http://www.mnsu.edu/
291,Buffalo State College,http://www.buffalostate.edu/
292,United States Naval Academy,http://www.usna.edu/
293,The Catholic University of America,http://www.catholic.edu/
294,Texas Christian University,http://www.tcu.edu/
295,Quinnipiac University,http://www.qu.edu/
296,"University of California, Merced",http://www.ucmerced.edu/
297,The Evergreen State College,http://www.evergreen.edu/
298,The University of Texas Health Science Center at San Antonio,http://www.uthscsa.edu/
299,"California State University, San Bernardino",http://www.csusb.edu/
300,Rasmussen College,http://www.rasmussen.edu/
301,Washington and Lee University,http://www.wlu.edu/
302,St. Olaf College,http://www.stolaf.edu/
303,Montclair State University,http://www.montclair.edu/
304,Indiana State University,http://www.indstate.edu/
305,New Mexico Institute of Mining and Technology,http://www.nmt.edu/
306,Ferris State University,http://ferris.edu/
307,Babson College,http://www.babson.edu/
308,University of Wisconsin-Stevens Point,http://www.uwsp.edu/
309,Stevens Institute of Technology,http://www.stevens.edu/
310,Seattle University,http://www.seattleu.edu/
311,University of Colorado Colorado Springs,http://www.uccs.edu/
312,Bowdoin College,http://www.bowdoin.edu/
313,Bard College,http://www.bard.edu/
314,The University of Texas Medical Branch at Galveston,http://www.utmb.edu/
315,Haverford College,http://www.haverford.edu/
316,University of Wisconsin-Eau Claire,http://www.uwec.edu/
317,St. John's University,http://www.stjohns.edu/
318,School of Visual Arts,http://www.sva.edu/
319,California State University San Marcos,http://www.csusm.edu/
320,Georgia Southern University,http://www.georgiasouthern.edu/
321,Central Connecticut State University,http://www.ccsu.edu/
322,Eastern Kentucky University,http://www.eku.edu/
323,Icahn School of Medicine at Mount Sinai,http://www.mssm.edu/
324,Marshall University,http://www.marshall.edu/
325,Elon University,http://www.elon.edu/
326,St. Cloud State University,http://www.stcloudstate.edu/
327,Columbia College Chicago,http://www.colum.edu/
328,"Lehman College, CUNY",http://www.lehman.edu/
329,University of Massachusetts Dartmouth,http://www.umassd.edu/
330,The University of Tulsa,http://utulsa.edu/
331,Purdue University Global,http://www.purdueglobal.edu/
332,University of Texas Rio Grande Valley,http://www.utrgv.edu/
333,Earlham College,http://earlham.edu/
334,Radford University,http://www.radford.edu/
335,Medical College of Wisconsin,http://www.mcw.edu/
336,Colgate University,http://www.colgate.edu/
337,State University of New York at Oswego,http://www.oswego.edu/
338,The University of Alabama in Huntsville,http://www.uah.edu/
339,Biola University,http://www.biola.edu/
340,Pomona College,http://www.pomona.edu/
341,Reed College,http://www.reed.edu/
342,University of Wisconsin-Green Bay,http://www.uwgb.edu/
343,Lock Haven University,http://www.lockhaven.edu/
344,University of Michigan-Dearborn,http://umdearborn.edu/
345,University of the Pacific,http://www.pacific.edu/
346,College of Saint Benedict/Saint John's University,http://www.csbsju.edu/
347,Georgetown College,http://www.georgetowncollege.edu/
348,Fashion Institute of Technology,http://www.fitnyc.edu/
349,Howard University,http://www.howard.edu/
350,University of Arkansas at Little Rock,http://ualr.edu/
351,Weber State University,http://www.weber.edu/
352,Eastern Washington University,http://www.ewu.edu/
353,DeVry University,http://www.devry.edu/
354,Stephen F. Austin State University,http://www.sfasu.edu/
355,Utah Valley University,http://www.uvu.edu/
356,The Rockefeller University,http://www.rockefeller.edu/
357,Davidson College,http://www.davidson.edu/
358,"California State University, East Bay",http://www.csueastbay.edu/
359,Western Illinois University,http://www.wiu.edu/
360,Clarkson University,http://www.clarkson.edu/
361,The College of New Jersey,http://www.tcnj.edu/
362,University of Wisconsin-Whitewater,http://www.uww.edu/
363,Trinity University,http://www.trinity.edu/
364,Furman University,http://www.furman.edu/
365,West Chester University of Pennsylvania,http://www.wcupa.edu/
366,Loma Linda University,http://www.llu.edu/
367,Webster University,http://www.webster.edu/
368,Eastern Illinois University,http://www.eiu.edu/
369,Duquesne University,http://www.duq.edu/
370,Academy of Art University,http://www.academyart.edu/
371,The University of Texas Health Science Center at Houston,http://www.uth.edu/
372,University of Baltimore,http://www.ubalt.edu/
373,University of Wisconsin-La Crosse,http://www.uwlax.edu/
374,Indiana University of Pennsylvania,http://www.iup.edu/
375,Metropolitan State University of Denver,http://www.msudenver.edu/
376,University of West Florida,http://uwf.edu/
377,Louisiana Tech University,http://www.latech.edu/
378,Shippensburg University of Pennsylvania,http://www.ship.edu/
379,California State University Stanislaus,http://www.csustan.edu/
380,University of Nebraska Medical Center,http://www.unmc.edu/
381,Dickinson College,http://www.dickinson.edu/
382,Bates College,http://www.bates.edu/
383,University of West Georgia,http://www.westga.edu/
384,Bentley University,http://www.bentley.edu/
385,Northern Michigan University,http://www.nmu.edu/
386,Hobart and William Smith Colleges,http://www.hws.edu/
387,Rhode Island School of Design,http://www.risd.edu/
388,Simmons University,http://www.simmons.edu/
389,Suffolk University,http://www.suffolk.edu/
390,Colorado College,http://www.coloradocollege.edu/
391,Trinity College,http://www.trincoll.edu/
392,University of South Dakota,http://www.usd.edu/
393,Long Island University,http://www.liu.edu/
394,Augusta University,http://www.augusta.edu/
395,Kean University,http://www.kean.edu/
396,Stetson University,http://www.stetson.edu/
397,Florida Gulf Coast University,http://www.fgcu.edu/
398,Bradley University,http://www.bradley.edu/
399,Loyola University Maryland,http://www.loyola.edu/
400,Gallaudet University,http://www.gallaudet.edu/
401,University of Hartford,http://www.hartford.edu/
402,Lewis & Clark College,http://www.lclark.edu/
403,Union College,http://www.union.edu/
404,Pratt Institute,http://www.pratt.edu/
405,Arkansas State University,http://www.astate.edu/
406,Macalester College,http://www.macalester.edu/
407,University of Louisiana at Lafayette,http://www.louisiana.edu/
408,Hillsdale College,http://www.hillsdale.edu/
409,Butler University,http://www.butler.edu/
410,Wheaton College,http://www.wheaton.edu/
411,University of Wisconsin-Oshkosh,http://uwosh.edu/
412,Azusa Pacific University,http://www.apu.edu/
413,Valencia College,http://valenciacollege.edu/
414,Hanover College,http://www.hanover.edu/
415,Pacific University,http://www.pacificu.edu/
416,Naval Postgraduate School,http://www.nps.edu/
417,University of Northern Colorado,http://www.unco.edu/
418,Mercer University,http://www.mercer.edu/
419,University of Illinois at Springfield,http://www.uis.edu/
420,Hamilton College,http://www.hamilton.edu/
421,Fairleigh Dickinson University,http://www.fdu.edu/
422,Northern Kentucky University,http://www.nku.edu/
423,Drew University,http://www.drew.edu/
424,Regent University,http://www.regent.edu/
425,Miami Dade College,http://www.mdc.edu/
426,Skidmore College,http://www.skidmore.edu/
427,New York Institute of Technology,http://www.nyit.edu/
428,California Institute of the Arts,http://calarts.edu/
429,Occidental College,http://www.oxy.edu/
430,Whitman College,http://www.whitman.edu/
431,Plymouth State University,http://www.plymouth.edu/
432,University of New Orleans,http://www.uno.edu/
433,SUNY Cortland,http://www.cortland.edu/
434,Andrews University,http://www.andrews.edu/
435,Fort Hays State University,http://www.fhsu.edu/
436,Connecticut College,http://www.conncoll.edu/
437,Monmouth University,http://www.monmouth.edu/
438,Saint Joseph's University,http://www.sju.edu/
439,Barnard College,http://barnard.edu/
440,Adelphi University,http://www.adelphi.edu/
441,Valparaiso University,http://www.valpo.edu/
442,Luther College,http://www.luther.edu/
443,University of Central Arkansas,http://uca.edu/
444,Grinnell College,http://www.grinnell.edu/
445,College of the Holy Cross,http://www.holycross.edu/
446,University of Evansville,http://www.evansville.edu/
447,The University of Tennessee at Chattanooga,http://www.utc.edu/
448,University of Wisconsin-Stout,http://www.uwstout.edu/
449,University of New England,http://www.une.edu/
450,Valdosta State University,http://www.valdosta.edu/
451,State University of New York at New Paltz,http://www.newpaltz.edu/
452,ArtCenter College of Design,http://www.artcenter.edu/
453,SUNY Upstate Medical University,http://www.upstate.edu/
454,Lafayette College,http://www.lafayette.edu/
455,Bridgewater State University,http://www.bridgew.edu/
456,Truman State University,http://www.truman.edu/
457,Loyola University New Orleans,http://www.loyno.edu/
458,Purdue University Fort Wayne,http://www.pfw.edu/
459,DePauw University,http://www.depauw.edu/
460,Texas Tech University Health Sciences Center,http://www.ttuhsc.edu/
461,Willamette University,http://www.willamette.edu/
462,Texas A&M University-Corpus Christi,http://www.tamucc.edu/
463,Xavier University,http://www.xavier.edu/
464,Emporia State University,http://www.emporia.edu/
465,Tennessee Technological University,http://www.tntech.edu/
466,School of the Art Institute of Chicago,http://www.saic.edu/
467,University of South Alabama,http://www.southalabama.edu/
468,The Juilliard School,http://www.juilliard.edu/
469,Broward College,http://www.broward.edu/
470,Seattle Pacific University,http://spu.edu/
471,Bellevue College,http://www.bellevuecollege.edu/
472,Regis University,http://www.regis.edu/
473,The Cooper Union for the Advancement of Science and Art,http://cooper.edu/
474,Gettysburg College,http://www.gettysburg.edu/
475,Western Oregon University,http://www.wou.edu/
476,Johnson and Wales University,http://www.jwu.edu/
477,Rollins College,http://www.rollins.edu/
478,Frostburg State University,http://www.frostburg.edu/
479,SUNY College at Oneonta,http://www.oneonta.edu/
480,Hampshire College,http://www.hampshire.edu/
481,"Concordia University, Oregon",http://www.cu-portland.edu/
482,Western Carolina University,http://www.wcu.edu/
483,Rose-Hulman Institute of Technology,http://www.rose-hulman.edu/
484,Drake University,http://www.drake.edu/
485,Pitzer College,http://www.pitzer.edu/
486,Strayer University,http://www.strayer.edu/
487,Youngstown State University,http://ysu.edu/
488,University of North Carolina at Asheville,http://www.unca.edu/
489,SUNY College of Environmental Science and Forestry,http://www.esf.edu/
490,The Culinary Institute of America,http://www.ciachef.edu/
491,West Texas A&M University,http://www.wtamu.edu/
492,University of Arkansas for Medical Sciences,http://www.uams.edu/
493,Texas Woman's University,http://www.twu.edu/
494,Salisbury University,http://www.salisbury.edu/
495,Samford University,http://www.samford.edu/
496,Milwaukee School of Engineering,http://www.msoe.edu/
497,Northeastern Illinois University,http://www.neiu.edu/
498,University of Hawaii-West Oahu,http://westoahu.hawaii.edu/
499,Millersville University of Pennsylvania,http://www.millersville.edu/
500,SUNY Geneseo,http://www.geneseo.edu/
501,Stockton University,http://stockton.edu/
502,Widener University,http://www.widener.edu/
503,Troy University,http://www.troy.edu/
504,University of Detroit Mercy,http://www.udmercy.edu/
505,University of Hawaii at Manoa,http://manoa.hawaii.edu/
506,St. Lawrence University,http://www.stlawu.edu/
507,Uniformed Services University of the Health Sciences,http://www.usuhs.edu/
508,Champlain College,http://www.champlain.edu/
509,Chicago State University,http://www.csu.edu/
510,Angelo State University,http://www.angelo.edu/
511,Touro College,http://www.touro.edu/
512,North Carolina Agricultural and Technical State University,http://www.ncat.edu/
513,National University,http://www.nu.edu/
514,Longwood University,http://www.longwood.edu/
515,The University of Oklahoma Health Sciences Center,http://www.ouhsc.edu/
516,Pacific Lutheran University,http://www.plu.edu/
517,Rider University,http://www.rider.edu/
518,Emerson College,http://www.emerson.edu/
519,Belmont University,http://www.belmont.edu/
520,Franklin and Marshall College,http://www.fandm.edu/
521,Pittsburg State University,http://www.pittstate.edu/
522,University of Puget Sound,http://www.pugetsound.edu/
523,South Dakota State University,http://www.sdstate.edu/
524,Abilene Christian University,http://www.acu.edu/
525,Hult International Business School,http://www.hult.edu/
526,Sweet Briar College,http://sbc.edu/
527,Sacred Heart University,http://www.sacredheart.edu/
528,Bluffton University,http://www.bluffton.edu/
529,Hope College,http://hope.edu/
530,St Petersburg College,http://www.spcollege.edu/
531,Louisiana State University Health Sciences Center,http://www.lsuhsc.edu/
532,Southeast Missouri State University,http://www.semo.edu/
533,William Paterson University of New Jersey,http://www.wpunj.edu/
534,Bloomsburg University of Pennsylvania,http://www.bloomu.edu/
535,California State University Channel Islands,http://www.csuci.edu/
536,Claremont Graduate University,http://www.cgu.edu/
537,Augsburg College,http://www.augsburg.edu/
538,"Hunter College, CUNY",http://www.hunter.cuny.edu/
539,University of Michigan-Flint,http://www.umflint.edu/
540,University of Central Oklahoma,http://www.uco.edu/
541,Fairfield University,http://www.fairfield.edu/
542,California College of the Arts,http://www.cca.edu/
543,Cedarville University,http://www.cedarville.edu/
544,Minnesota State University Moorhead,http://www.mnstate.edu/
545,Augustana College,http://www.augustana.edu/
546,University of New Haven,http://www.newhaven.edu/
547,The State University of New York at Potsdam,http://www.potsdam.edu/
548,University of Portland,http://www.up.edu/
549,"California State University, Monterey Bay",http://csumb.edu/
550,SUNY Downstate Medical Center,http://www.downstate.edu/
551,St. Edward's University,http://www.stedwards.edu/
552,Saint Mary's College of California,http://www.stmarys-ca.edu/
553,University of Bridgeport,http://www.bridgeport.edu/
554,Elmhurst College,http://www.elmhurst.edu/
555,North Carolina Central University,http://www.nccu.edu/
556,University of Mary Washington,http://www.umw.edu/
557,SUNY Empire State College,http://www.esc.edu/
558,"California State University, Bakersfield",http://www.csub.edu/
559,Rhode Island College,http://www.ric.edu/
560,Lawrence University,http://www.lawrence.edu/
561,Kalamazoo College,http://www.kzoo.edu/
562,Southern Utah University,http://www.suu.edu/
563,The College of Wooster,http://www.wooster.edu/
564,Maryland Institute College of Art,http://www.mica.edu/
565,Southeastern Louisiana University,http://www.southeastern.edu/
566,Ashland University,http://www.ashland.edu/
567,University of Scranton,http://www.scranton.edu/
568,Claremont McKenna College,http://www.cmc.edu/
569,Murray State University,http://www.murraystate.edu/
570,Hamline University,http://www.hamline.edu/
571,University of Wisconsin-Platteville,http://www.uwplatt.edu/
572,Baker College,http://www.baker.edu/
573,Norwich University,http://www.norwich.edu/
574,Maharishi University of Management,http://www.mum.edu/
575,Texas A&M University-Commerce,http://www.tamuc.edu/
577,Winthrop University,http://www.winthrop.edu/
578,Bethel University,http://www.bethel.edu/
579,Goucher College,http://www.goucher.edu/
580,Gordon College,http://www.gordon.edu/
581,Tarleton State University,http://www.tarleton.edu/
582,Agnes Scott College,http://www.agnesscott.edu/
583,Kettering University,http://www.kettering.edu/
584,Southern Connecticut State University,http://www.southernct.edu/
585,Tennessee State University,http://www.tnstate.edu/
586,Midwestern University,http://www.midwestern.edu/
587,Roosevelt University,http://www.roosevelt.edu/
588,Kutztown University of Pennsylvania,http://www.kutztown.edu/
589,Georgia College and State University,http://www.gcsu.edu/
590,Indiana Wesleyan University,http://www.indwes.edu/
591,Wabash College,http://www.wabash.edu/
592,Westmont College,http://www.westmont.edu/
593,Lesley University,http://lesley.edu/
594,University of Southern Indiana,http://www.usi.edu/
595,"Bernard M Baruch College, CUNY",http://www.baruch.cuny.edu/
596,Saint Michael's College,http://www.smcvt.edu/
597,Oregon Institute of Technology,http://www.oit.edu/
598,Seton Hill University,http://www.setonhill.edu/
599,Ramapo College of New Jersey,http://www.ramapo.edu/
600,Barry University,http://www.barry.edu/
601,"The Citadel, The Military College of South Carolina",http://www.citadel.edu/
602,Gustavus Adolphus College,http://gustavus.edu/
603,Le Moyne College,http://www.lemoyne.edu/
604,Denison University,http://denison.edu/
605,Alfred University,http://www.alfred.edu/
606,California Lutheran University,http://www.callutheran.edu/
607,Rhodes College,http://www.rhodes.edu/
608,Sarah Lawrence College,http://www.sarahlawrence.edu/
609,Antioch University,http://www.antioch.edu/
610,Western University of Health Sciences,http://www.westernu.edu/
611,Jacksonville State University,http://www.jsu.edu/
612,Arcadia University,http://www.arcadia.edu/
613,Illinois Wesleyan University,http://www.iwu.edu/
614,Harding University,http://www.harding.edu/
615,University of Nebraska at Kearney,http://www.unk.edu/
616,Carson-Newman University,http://www.cn.edu/
617,Southern Oregon University,http://sou.edu/
618,High Point University,http://www.highpoint.edu/
619,The College at Brockport,http://www.brockport.edu/
620,Wentworth Institute of Technology,http://wit.edu/
621,St. Catherine University,http://www.stkate.edu/
622,Santa Fe College,http://www.sfcollege.edu/
623,Lawrence Technological University,http://www.ltu.edu/
624,George Fox University,http://www.georgefox.edu/
625,University of Houston-Clear Lake,http://www.uhcl.edu/
626,Colorado Technical University,http://www.coloradotech.edu/
627,Berea College,http://www.berea.edu/
628,Canisius College,http://www.canisius.edu/
629,Austin Peay State University,http://www.apsu.edu/
630,"University of California, Hastings College of the Law",http://www.uchastings.edu/
631,Golden Gate University,http://www.ggu.edu/
632,Coastal Carolina University,http://www.coastal.edu/
633,Messiah College,http://www.messiah.edu/
634,Sewanee: The University of the South,http://www.sewanee.edu/
635,Florida Agricultural and Mechanical University,http://www.famu.edu/
636,Slippery Rock University of Pennsylvania,http://www.sru.edu/
637,Maryville University,http://www.maryville.edu/
638,University of North Carolina at Pembroke,http://www.uncp.edu/
639,Campbell University,http://www.campbell.edu/
640,Saint Leo University,http://www.saintleo.edu/
641,Columbus State University,http://www.columbusstate.edu/
642,Bellevue University,http://www.bellevue.edu/
643,Lewis University,http://www.lewisu.edu/
644,State University of New York at Fredonia,http://www.fredonia.edu/
645,Texas A&M University-Kingsville,http://www.tamuk.edu/
646,Saint Mary's University of Minnesota,http://www.smumn.edu/
647,Roger Williams University,http://www.rwu.edu/
648,National Defense University,http://www.ndu.edu/
649,Dakota State University,http://dsu.edu/
650,The University of Tampa,http://www.ut.edu/
651,South University,http://www.southuniversity.edu/
652,Providence College,http://www.providence.edu/
653,State University of New York College at Plattsburgh,http://www.plattsburgh.edu/
654,Winona State University,http://www.winona.edu/
655,Goshen College,http://www.goshen.edu/
656,Salem State University,http://www.salemstate.edu/
657,La Salle University,http://www.lasalle.edu/
658,Wilkes University,http://www.wilkes.edu/
659,Washburn University,http://washburn.edu/
660,SUNY Polytechnic Institute,http://sunypoly.edu/
661,The College of St. Scholastica,http://www.css.edu/
662,Bastyr University,http://bastyr.edu/
663,Southwestern University,http://www.southwestern.edu/
664,University of North Georgia,http://ung.edu/
665,University of Wisconsin-River Falls,http://www.uwrf.edu/
666,University of La Verne,http://laverne.edu/
667,Western Connecticut State University,http://www.wcsu.edu/
668,Albion College,http://www.albion.edu/
669,"Purchase College, State University of New York",http://www.purchase.edu/
670,Ohio Northern University,http://www.onu.edu/
671,Saint Anselm College,http://www.anselm.edu/
672,Utica College,http://www.utica.edu/
673,Brooklyn College,http://www.brooklyn.cuny.edu/
674,Bryant University,http://www.bryant.edu/
675,Arkansas Tech University,http://www.atu.edu/
676,University of Mississippi Medical Center,http://www.umc.edu/
677,Rush University,http://www.rushu.rush.edu/
678,Siena College,http://www.siena.edu/
679,Christopher Newport University,http://cnu.edu/
680,University of Central Missouri,http://www.ucmo.edu/
681,Ohio Wesleyan University,http://www.owu.edu/
682,Baldwin Wallace University,http://www.bw.edu/
683,Olivet Nazarene University,http://www.olivet.edu/
684,Penn State College of Medicine,http://med.psu.edu/
685,Lipscomb University,http://www.lipscomb.edu/
686,University of North Alabama,http://www.una.edu/
687,McDaniel College,http://www.mcdaniel.edu/
688,The University of Tennessee Health Science Center,http://www.uthsc.edu/
689,Columbia College,http://www.ccis.edu/
690,Northwest Missouri State University,http://www.nwmissouri.edu/
691,Alabama A&M University,http://www.aamu.edu/
692,University of Southern Maine,http://usm.maine.edu/
693,Capital University,http://www.capital.edu/
694,Eastern New Mexico University,http://www.enmu.edu/
695,Otterbein University,http://www.otterbein.edu/
696,Hood College,http://www.hood.edu/
697,Mississippi College,http://www.mc.edu/
698,North Central College,http://www.northcentralcollege.edu/
699,Keene State College,http://www.keene.edu/
700,The City College of New York,http://www.ccny.cuny.edu/
701,A.T. Still University,http://www.atsu.edu/
702,John Jay College of Criminal Justice,http://www.jjay.cuny.edu/
703,Saginaw Valley State University,http://www.svsu.edu/
704,Morgan State University,http://www.morgan.edu/
705,Lake Superior State University,http://www.lssu.edu/
706,Christian Brothers University,http://www.cbu.edu/
707,University of Louisiana at Monroe,http://www.ulm.edu/
708,Alvernia University,http://www.alvernia.edu/
709,"The Graduate Center, CUNY",http://www.gc.cuny.edu/
710,Virginia Military Institute,http://www.vmi.edu/
711,The University of Findlay,http://www.findlay.edu/
712,Hendrix College,http://www.hendrix.edu/
713,Knox College,http://www.knox.edu/
714,Massachusetts College of Art and Design,http://massart.edu/
715,Pennsylvania College of Technology,http://www.pct.edu/
716,York College of Pennsylvania,http://www.ycp.edu/
717,Niagara University,http://www.niagara.edu/
718,Clayton State University,http://www.clayton.edu/
719,South Dakota School of Mines and Technology,http://www.sdsmt.edu/
720,Dominican University of California,http://www.dominican.edu/
721,Elizabethtown College,http://www.etown.edu/
722,Prairie View A&M University,http://www.pvamu.edu/
723,Washington College,http://www.washcoll.edu/
724,Carthage College,http://www.carthage.edu/
725,Berry College,http://www.berry.edu/
726,Bellarmine University,http://www.bellarmine.edu/
727,University of Wisconsin-Parkside,http://www.uwp.edu/
728,College of Southern Nevada,http://www.csn.edu/
729,Northwood University,http://www.northwood.edu/
730,John Carroll University,http://www.jcu.edu/
731,North Park University,http://www.northpark.edu/
732,Hampton University,http://www.hamptonu.edu/
733,St. Bonaventure University,http://www.sbu.edu/
734,Morehead State University,http://www.moreheadstate.edu/
735,New Jersey City University,http://www.njcu.edu/
736,Albany Medical College,http://www.amc.edu/
737,University of Redlands,http://www.redlands.edu/
738,Mills College,http://www.mills.edu/
739,Oklahoma City University,http://www.okcu.edu/
740,Chatham University,http://www.chatham.edu/
741,Argosy University,http://www.argosy.edu/
742,Lander University,http://www.lander.edu/
743,University of Dallas,http://udallas.edu/
744,Northern State University,http://www.northern.edu/
745,Palm Beach State College,http://www.palmbeachstate.edu/
746,Marietta College,http://www.marietta.edu/
747,The University of Texas at Tyler,http://www.uttyler.edu/
748,Muhlenberg College,http://www.muhlenberg.edu/
749,Texas Southern University,http://www.tsu.edu/
750,Ringling College of Art and Design,http://www.ringling.edu/
751,Fort Lewis College,http://www.fortlewis.edu/
752,Spelman College,http://www.spelman.edu/
753,Seminole State College of Florida,http://www.seminolestate.edu/
754,Drury University,http://www.drury.edu/
755,Morehouse College,http://www.morehouse.edu/
756,Northwest Nazarene University,http://www.nnu.edu/
757,Centre College,http://www.centre.edu/
758,The John Marshall Law School,http://www.jmls.edu/
759,Hawaii Pacific University,http://www.hpu.edu/
760,Wofford College,http://www.wofford.edu/
761,Benedictine University,http://www.ben.edu/
762,Eastern Virginia Medical School,http://www.evms.edu/
763,Manhattan College,http://manhattan.edu/
764,The University of the Arts,http://www.uarts.edu/
765,University of Indianapolis,http://www.uindy.edu/
766,Merrimack College,http://www.merrimack.edu/
767,Brigham Young University-Hawaii,http://www.byuh.edu/
768,Juniata College,http://www.juniata.edu/
769,Susquehanna University,http://www.susqu.edu/
770,Augustana University,http://www.augie.edu/
771,Governors State University,http://www.govst.edu/
772,Eastern Mennonite University,http://emu.edu/
773,Westminster College,http://www.westminstercollege.edu/
774,California Institute of Integral Studies,http://www.ciis.edu/
775,Fresno Pacific University,http://www.fresno.edu/
776,Otis College of Art and Design,http://www.otis.edu/
777,Assumption College,http://www.assumption.edu/
778,Concordia University Wisconsin,http://www.cuw.edu/
779,Bob Jones University,http://www.bju.edu/
780,Dallas Baptist University,http://www.dbu.edu/
781,Linfield College,http://www.linfield.edu/
782,California Baptist University,http://calbaptist.edu/
783,University of the District of Columbia,http://www.udc.edu/
784,Farmingdale State College,http://www.farmingdale.edu/
785,St. Mary's University,http://www.stmarytx.edu/
786,Park University,http://www.park.edu/
787,Midwestern State University,http://msutexas.edu/
788,St. John Fisher College,http://www.sjfc.edu/
789,Lake Forest College,http://www.lakeforest.edu/
790,Franklin University,http://www.franklin.edu/
791,Texas A&M International University,http://www.tamiu.edu/
792,Florida State College at Jacksonville,http://www.fscj.edu/
793,Ursinus College,http://www.ursinus.edu/
794,D'Youville College,http://www.dyc.edu/
795,Northwestern State University of Louisiana,http://www.nsula.edu/
796,Mercy College,http://www.mercy.edu/
797,Tuskegee University,http://www.tuskegee.edu/
798,Eckerd College,http://www.eckerd.edu/
799,LeTourneau University,http://www.letu.edu/
800,East Stroudsburg University,http://www.esu.edu/
801,National Louis University,http://www.nl.edu/
802,Taylor University,http://www.taylor.edu/
803,St. Norbert College,http://www.snc.edu/
804,Grove City College,http://www.gcc.edu/
805,Northeastern State University,http://www.nsuok.edu/
806,Seattle Central College,http://seattlecentral.edu/
807,Alliant International University,http://www.alliant.edu/
808,Clarion University of Pennsylvania,http://www.clarion.edu/
809,Jacksonville University,http://www.ju.edu/
810,Edinboro University of Pennsylvania,http://www.edinboro.edu/
811,The College of Saint Rose,http://www.strose.edu/
812,University of the Incarnate Word,http://www.uiw.edu/
813,Delaware State University,http://www.desu.edu/
814,Jackson State University,http://www.jsums.edu/
815,Dixie State University,http://dixie.edu/
816,Wittenberg University,http://www.wittenberg.edu/
817,SIT Graduate Institute,http://www.sit.edu/
818,Aurora University,http://aurora.edu/
819,Rosalind Franklin University of Medicine and Science,http://www.rosalindfranklin.edu/
820,Oklahoma Christian University,http://www.oc.edu/
821,St. Mary's College of Maryland,http://www.smcm.edu/
822,Concordia University Irvine,http://www.cui.edu/
823,Marymount University,http://www.marymount.edu/
824,University of Houston-Downtown,http://www.uhd.edu/
825,Naropa University,http://www.naropa.edu/
826,Lindenwood University,http://www.lindenwood.edu/
827,University of Alaska Anchorage,http://www.uaa.alaska.edu/
828,University of St. Francis,http://www.stfrancis.edu/
829,Mercyhurst University,http://www.mercyhurst.edu/
830,Southern Adventist University,http://www.southern.edu/
831,Auburn University at Montgomery,http://www.aum.edu/
832,Bennington College,http://www.bennington.edu/
833,Eastern Connecticut State University,http://www.easternct.edu/
834,Lebanon Valley College,http://www.lvc.edu/
835,Wilmington University,http://www.wilmu.edu/
836,Shenandoah University,http://www.su.edu/
837,Xavier University of Louisiana,http://www.xula.edu/
838,Minneapolis College of Art and Design,http://mcad.edu/
839,Oral Roberts University,http://www.oru.edu/
840,New York Law School,http://www.nyls.edu/
841,Vermont Law School,http://www.vermontlaw.edu/
842,Saint Ambrose University,http://www.sau.edu/
843,Hiram College,http://www.hiram.edu/
844,Davenport University,http://www.davenport.edu/
845,University of Wisconsin-Superior,http://www.uwsuper.edu/
846,Lincoln Memorial University,http://www.lmunet.edu/
847,Whittier College,http://www.whittier.edu/
848,Muskingum University,http://www.muskingum.edu/
849,Robert Morris University,http://www.rmu.edu/
850,Wheeling Jesuit University,http://www.wju.edu/
851,Iona College,http://www.iona.edu/
852,"Concordia University, St. Paul",http://www.csp.edu/
853,Allegheny College,http://allegheny.edu/
854,Concordia College,http://www.concordiacollege.edu/
855,Brooklyn Law School,http://www.brooklaw.edu/
856,Stonehill College,http://www.stonehill.edu/
857,Franklin W. Olin College of Engineering,http://www.olin.edu/
858,Montana Tech,http://www.mtech.edu/
859,Millikin University,http://millikin.edu/
860,Flagler College,http://www.flagler.edu/
861,Union University,http://www.uu.edu/
862,La Sierra University,http://lasierra.edu/
863,Berkeley College,http://berkeleycollege.edu/
864,Roanoke College,http://www.roanoke.edu/
865,Southern Nazarene University,http://snu.edu/
866,Western State Colorado University,http://www.western.edu/
867,Moody Bible Institute,http://www.moody.edu/
868,University of the Ozarks,http://ozarks.edu/
869,Cornell College,http://www.cornellcollege.edu/
870,Dominican University,http://www.dom.edu/
871,Indiana University Southeast,http://www.ius.edu/
872,Indiana University South Bend,http://www.iusb.edu/
873,Austin College,http://www.austincollege.edu/
874,MCPHS University,http://www.mcphs.edu/
875,King's College,http://www.kings.edu/
876,Colorado Mesa University,http://www.coloradomesa.edu/
877,Clark Atlanta University,http://www.cau.edu/
878,Morningside College,http://www.morningside.edu/
879,University of Northwestern - St. Paul,http://unwsp.edu/
880,Bemidji State University,http://www.bemidjistate.edu/
881,Cornerstone University,http://www.cornerstone.edu/
882,Simpson College,http://simpson.edu/
883,Louisiana State University in Shreveport,http://www.lsus.edu/
884,Winston-Salem State University,http://www.wssu.edu/
885,Indiana University Northwest,http://www.iun.edu/
886,Oglethorpe University,http://oglethorpe.edu/
887,Vanguard University of Southern California,http://www.vanguard.edu/
888,Worcester State University,http://www.worcester.edu/
889,Lewis-Clark State College,http://www.lcsc.edu/
890,New England Conservatory,http://necmusic.edu/
891,Scripps College,http://www.scrippscollege.edu/
892,New York Medical College,http://www.nymc.edu/
893,Daytona State College,http://www.daytonastate.edu/
894,Walsh University,http://www.walsh.edu/
895,Rogers State University,http://www.rsu.edu/
896,Marian University,http://www.marian.edu/
897,The Sage Colleges,http://www.sage.edu/
898,McNeese State University,http://www.mcneese.edu/
899,Eastern University,http://www.eastern.edu/
900,Hampden-Sydney College,http://www.hsc.edu/
901,Eastern Oregon University,http://www.eou.edu/
902,Dordt College,http://www.dordt.edu/
903,St John's College,http://www.sjc.edu/
904,Edgewood College,http://www.edgewood.edu/
905,Adams State University,http://www.adams.edu/
906,University of West Alabama,http://www.uwa.edu/
907,Trinity International University,http://www.tiu.edu/
908,Point Park University,http://www.pointpark.edu/
909,Saint Martin's University,http://www.stmartin.edu/
910,Cleveland Institute of Art,http://www.cia.edu/
911,Colorado Christian University,http://www.ccu.edu/
912,Purdue University Northwest,http://www.pnw.edu/
913,University of Maryland Eastern Shore,http://www.umes.edu/
914,Pacific Union College,http://www.puc.edu/
915,Nazareth College,http://www.naz.edu/
916,Fayetteville State University,http://www.uncfsu.edu/
917,DeSales University,http://www.desales.edu/
918,St Thomas University,http://www.stu.edu/
919,University of Hawaii at Hilo,http://hilo.hawaii.edu/
920,"Anderson University, Indiana",http://www.anderson.edu/
921,Harrisburg University of Science and Technology,http://harrisburgu.edu/
922,City University of Seattle,http://www.cityu.edu/
923,Gannon University,http://www.gannon.edu/
924,Salve Regina University,http://salve.edu/
925,Saint Xavier University,http://www.sxu.edu/
926,Lycoming College,http://www.lycoming.edu/
927,Life University,http://www.life.edu/
928,Hartwick College,http://www.hartwick.edu/
929,Keck Graduate Institute,http://www.kgi.edu/
930,ECPI University,http://www.ecpi.edu/
931,Gwynedd Mercy University,http://www.gmercyu.edu/
932,Brandman University,http://www.brandman.edu/
933,Misericordia University,http://www.misericordia.edu/
934,Pennsylvania Academy of the Fine Arts,http://www.pafa.org/
935,Lynchburg College,http://www.lynchburg.edu/
936,Wartburg College,http://www.wartburg.edu/
937,Fitchburg State University,http://www.fitchburgstate.edu/
938,Daemen College,http://www.daemen.edu/
939,Montreat College,http://www.montreat.edu/
940,Lynn University,http://www.lynn.edu/
941,Missouri Western State University,http://www.missouriwestern.edu/
942,Guilford College,http://www.guilford.edu/
943,Chamberlain University,http://www.chamberlain.edu/
944,College for Creative Studies,http://www.collegeforcreativestudies.edu/
945,United States Merchant Marine Academy,http://www.usmma.edu/
946,Point Loma Nazarene University,http://www.pointloma.edu/
947,Springfield College,http://springfield.edu/
948,Spring Arbor University,http://www.arbor.edu/
949,Queens University of Charlotte,http://www.queens.edu/
950,Manhattanville College,http://www.mville.edu/
951,Moravian College,http://www.moravian.edu/
952,"Westminster College, Pennsylvania",http://www.westminster.edu/
953,San Francisco Art Institute,http://www.sfai.edu/
954,Walla Walla University,http://www.wallawalla.edu/
955,University of Maine at Augusta,http://www.uma.edu/
956,University of North Texas Health Science Center,http://www.unthsc.edu/
957,University of the Cumberlands,http://www.ucumberlands.edu/
958,"Queens College, City University of New York",http://www.qc.cuny.edu/
959,Alfred State College,http://www.alfredstate.edu/
960,California State University Maritime Academy,http://www.csum.edu/
961,Concordia University Chicago,http://www.cuchicago.edu/
962,John Brown University,http://www.jbu.edu/
963,Carroll College,http://www.carroll.edu/
964,Southwest Minnesota State University,http://www.smsu.edu/
965,Meredith College,http://www.meredith.edu/
966,The University of Texas of the Permian Basin,http://www.utpb.edu/
967,Western New England University,http://www.wne.edu/
968,Greenville University,http://www.greenville.edu/
969,Cameron University,http://www.cameron.edu/
970,Hollins University,http://www.hollins.edu/
971,"Wheaton College, Massachusetts",http://wheatoncollege.edu/
972,Montana State University Billings,http://www.msubillings.edu/
973,Marywood University,http://www.marywood.edu/
974,Manchester University,http://www.manchester.edu/
975,Alcorn State University,http://www.alcorn.edu/
976,University of Maine at Machias,http://machias.edu/
977,Saint Mary's College,http://www.saintmarys.edu/
978,Nicholls State University,http://www.nicholls.edu/
979,Upper Iowa University,http://uiu.edu/
980,Mount Saint Mary College,http://www.msmc.edu/
981,Delta State University,http://www.deltastate.edu/
982,Alabama State University,http://www.alasu.edu/
983,University of Mount Union,http://www.mountunion.edu/
984,Charleston Southern University,http://www.charlestonsouthern.edu/
985,Southwestern College,http://www.sckans.edu/
986,Florida Southern College,http://www.flsouthern.edu/
987,Virginia State University,http://www.vsu.edu/
988,University of South Carolina-Upstate,http://www.uscupstate.edu/
989,New College of Florida,http://www.ncf.edu/
990,Whitworth University,http://www.whitworth.edu/
991,Framingham State University,http://www.framingham.edu/
992,Bowie State University,http://www.bowiestate.edu/
993,Houston Baptist University,http://www.hbu.edu/
994,Spring Hill College,http://www.shc.edu/
995,Ottawa University,http://www.ottawa.edu/
996,Western New Mexico University,http://wnmu.edu/
997,Central College,http://www.central.edu/
998,Wayne State College,http://www.wsc.edu/
999,Manhattan School of Music,http://www.msmnyc.edu/
1000,University of Mary Hardin-Baylor,http://www.umhb.edu/
1001,"New York City College of Technology, CUNY",http://www.citytech.cuny.edu/
1002,Samuel Merritt University,http://www.samuelmerritt.edu/
1003,Kentucky State University,http://kysu.edu/
1004,Graceland University,http://www.graceland.edu/
1005,Curry College,http://www.curry.edu/
1006,Columbus College of Art and Design,http://www.ccad.edu/
1007,Norfolk State University,http://www.nsu.edu/
1008,Endicott College,http://www.endicott.edu/
1009,Doane University,http://www.doane.edu/
1010,Henderson State University,http://www.hsu.edu/
1011,Concordia University Texas,http://www.concordia.edu/
1012,Bridgewater College,http://www.bridgewater.edu/
1013,Keiser University,http://www.keiseruniversity.edu/
1014,Southern University and A&M College,http://www.subr.edu/
1015,Texas A&M University at Galveston,http://www.tamug.edu/
1016,Wagner College,http://wagner.edu/
1017,Regis College,http://www.regiscollege.edu/
1018,Aquinas College,http://www.aquinas.edu/
1019,Viterbo University,http://www.viterbo.edu/
1020,Husson University,http://www.husson.edu/
1021,Emmanuel College,http://www.emmanuel.edu/
1022,Mount St. Mary's University,http://www.msmary.edu/
1023,St. Augustine's University,http://www.st-aug.edu/
1024,Stevenson University,http://www.stevenson.edu/
1025,State College of Florida-Manatee-Sarasota,http://www.scf.edu/
1026,Nebraska Wesleyan University,http://www.nebrwesleyan.edu/
1027,Chadron State College,http://www.csc.edu/
1028,Alma College,http://www.alma.edu/
1029,Hardin-Simmons University,http://www.hsutx.edu/
1030,Morrisville State College,http://www.morrisville.edu/
1031,Alverno College,http://www.alverno.edu/
1032,Gardner-Webb University,http://gardner-webb.edu/
1033,Southeastern University,http://www.seu.edu/
1034,Evangel University,http://www.evangel.edu/
1035,University of North Carolina School of the Arts,http://www.uncsa.edu/
1036,Asbury University,http://www.asbury.edu/
1037,Buena Vista University,http://www.bvu.edu/
1038,University of South Carolina-Aiken,http://www.usca.edu/
1039,Francis Marion University,http://www.fmarion.edu/
1040,Missouri Southern State University,http://www.mssu.edu/
1041,Mount St. Joseph University,http://www.msj.edu/
1042,Southern Arkansas University,http://www.saumag.edu/
1043,Shepherd University,http://www.shepherd.edu/
1044,South Carolina State University,http://www.scsu.edu/
1045,University of Montevallo,http://www.montevallo.edu/
1046,Warren Wilson College,http://www.warren-wilson.edu/
1047,Campbellsville University,http://www.campbellsville.edu/
1048,Centenary College of Louisiana,http://www.centenary.edu/
1049,Molloy College,http://www.molloy.edu/
1050,Presbyterian College,http://www.presby.edu/
1051,Coe College,http://www.coe.edu/
1052,Athens State University,http://www.athens.edu/
1053,Baker University,http://www.bakeru.edu/
1054,Boston Architectural College,http://the-bac.edu/
1055,The American College of Financial Services,http://www.theamericancollege.edu/
1056,East Central University,http://www.ecok.edu/
1057,Middle Georgia State University,http://www.mga.edu/
1058,West Coast University-Los Angeles,http://westcoastuniversity.edu/
1059,College of Staten Island,http://www.csi.cuny.edu/
1060,Monroe College,http://www.monroecollege.edu/
1061,North Carolina Wesleyan College,http://ncwc.edu/
1062,Mississippi University for Women,http://www.muw.edu/
1063,Green Mountain College,http://www.greenmtn.edu/
1064,Elizabeth City State University,http://www.ecsu.edu/
1065,Lyon College,http://www.lyon.edu/
1066,Rockhurst University,http://www.rockhurst.edu/
1067,"York College, City University of New York",http://www.york.cuny.edu/
1068,The College of New Rochelle,http://www.cnr.edu/
1069,Southern California Institute of Architecture,http://sciarc.edu/
1070,Herzing University,http://www.herzing.edu/
1071,South Texas College of Law,http://www.stcl.edu/
1072,Heidelberg University,http://www.heidelberg.edu/
1073,Ouachita Baptist University,http://obu.edu/
1074,Morehouse School of Medicine,http://www.msm.edu/
1075,Washington & Jefferson College,http://www.washjeff.edu/
1076,Saint Vincent College,http://www.stvincent.edu/
1077,Fisk University,http://www.fisk.edu/
1078,Notre Dame of Maryland University,http://www.ndm.edu/
1079,Des Moines University,http://www.dmu.edu/
1080,Ripon College,http://www.ripon.edu/
1081,Bay Path University,http://www.baypath.edu/
1082,SUNY Canton,http://www.canton.edu/
1083,Curtis Institute of Music,http://www.curtis.edu/
1084,University of the Sciences in Philadelphia,http://www.usciences.edu/
1085,Faulkner University,http://www.faulkner.edu/
1086,Metropolitan State University,http://www.metrostate.edu/
1087,Colorado State University-Pueblo,http://www.csupueblo.edu/
1088,Black Hills State University,http://www.bhsu.edu/
1089,Lincoln University,http://www.lincoln.edu/
1090,Mansfield University of Pennsylvania,http://www.mansfield.edu/
1091,"Concordia University, Nebraska",http://www.cune.edu/
1092,Grace College,http://www.grace.edu/
1093,New England Institute of Technology,http://www.neit.edu/
1094,Southwestern Law School,http://www.swlaw.edu/
1095,College of the Atlantic,http://www.coa.edu/
1096,Marygrove College,http://www.marygrove.edu/
1097,National University of Health Sciences,http://www.nuhs.edu/
1098,Elmira College,http://www.elmira.edu/
1099,National American University,http://www.national.edu/
1100,Sullivan University,http://sullivan.edu/
1101,William Carey University,http://www.wmcarey.edu/
1102,Wisconsin Lutheran College,http://www.wlc.edu/
1103,Palm Beach Atlantic University,http://www.pba.edu/
1104,Shawnee State University,http://www.shawnee.edu/
1105,The Chicago School of Professional Psychology,http://www.thechicagoschool.edu/
1106,Trinity Washington University,http://www.trinitydc.edu/
1107,University of St. Augustine for Health Sciences,http://www.usa.edu/
1108,Loras College,http://www.loras.edu/
1109,University of St Thomas,http://www.stthom.edu/
1110,Fairmont State University,http://www.fairmontstate.edu/
1111,Mitchell Hamline School of Law,http://mitchellhamline.edu/
1112,Delaware Valley University,http://www.delval.edu/
1113,Friends University,http://www.friends.edu/
1114,Marlboro College,http://www.marlboro.edu/
1115,Immaculata University,http://www.immaculata.edu/
1116,Arkansas Baptist College,http://www.arkansasbaptist.edu/
1117,Carlow University,http://www.carlow.edu/
1118,Benedictine College,http://www.benedictine.edu/
1119,Carroll University,http://www.carrollu.edu/
1120,Northwestern College,http://www.nwciowa.edu/
1121,McKendree University,http://www.mckendree.edu/
1122,Mary Baldwin University,http://marybaldwin.edu/
1123,Massachusetts College of Liberal Arts,http://www.mcla.edu/
1124,Prescott College,http://www.prescott.edu/
1125,Cedar Crest College,http://www.cedarcrest.edu/
1126,University of Dubuque,http://www.dbq.edu/
1127,Dalton State College,http://www.daltonstate.edu/
1128,Southwestern Oklahoma State University,http://www.swosu.edu/
1129,Lee University,http://www.leeuniversity.edu/
1130,Rocky Mountain College of Art and Design,http://www.rmcad.edu/
1131,John F. Kennedy University,http://www.jfku.edu/
1132,Georgian Court University,http://georgian.edu/
1133,Bloomfield College,http://www.bloomfield.edu/
1134,New Mexico Highlands University,http://www.nmhu.edu/
1135,Lakeland College,http://lakeland.edu/
1136,Woodbury University,http://woodbury.edu/
1137,SUNY Delhi,http://www.delhi.edu/
1138,King University,http://www.king.edu/
1139,Sul Ross State University,http://www.sulross.edu/
1140,New England College,http://www.nec.edu/
1141,"Lincoln University, Missouri",http://www.lincolnu.edu/
1142,Massachusetts Maritime Academy,http://www.maritime.edu/
1143,Southeastern Oklahoma State University,http://www.se.edu/
1144,Georgia Gwinnett College,http://www.ggc.edu/
1145,Converse College,http://www.converse.edu/
1146,Caldwell University,http://www.caldwell.edu/
1147,Oklahoma Baptist University,http://www.okbu.edu/
1148,Birmingham-Southern College,http://www.bsc.edu/
1149,Pfeiffer University,http://www.pfeiffer.edu/
1150,Houghton College,http://www.houghton.edu/
1151,Nyack College,http://www.nyack.edu/
1152,Grambling State University,http://www.gram.edu/
1153,Bank Street College of Education,http://www.bankstreet.edu/
1154,Central Penn College,http://www.centralpenn.edu/
1155,Columbia Basin College,http://www.columbiabasin.edu/
1156,SUNY Maritime College,http://www.sunymaritime.edu/
1157,Rivier University,http://www.rivier.edu/
1158,University of Houston-Victoria,http://www.uhv.edu/
1159,Gulf Coast State College,http://www.gulfcoast.edu/
1160,Quincy University,http://www.quincy.edu/
1161,Bethel College,http://www.bethelks.edu/
1162,California University of Pennsylvania,http://www.calu.edu/
1163,Transylvania University,http://www.transy.edu/
1164,Holy Names University,http://www.hnu.edu/
1165,Minot State University,http://www.minotstateu.edu/
1166,Geneva College,http://www.geneva.edu/
1167,MGH Institute of Health Professions,http://www.mghihp.edu/
1168,Fontbonne University,http://www.fontbonne.edu/
1169,Pacific Northwest College of Art,http://pnca.edu/
1170,Westfield State University,http://www.westfield.ma.edu/
1171,Western Nevada College,http://www.wnc.edu/
1172,Saint Peter's University,http://www.saintpeters.edu/
1173,Soka University of America,http://www.soka.edu/
1174,The Master's University,http://www.masters.edu/
1175,Indian River State College,http://www.irsc.edu/
1176,College of the Ozarks,http://www.cofo.edu/
1177,Cornish College of the Arts,http://www.cornish.edu/
1178,University of Arkansas - Fort Smith,http://uafs.edu/
1179,NewSchool of Architecture and Design,http://newschoolarch.edu/
1180,Charles R. Drew University of Medicine and Science,http://www.cdrewu.edu/
1181,Southwestern Adventist University,http://www.swau.edu/
1182,Our Lady of the Lake University,http://www.ollusa.edu/
1183,Concordia College-New York,http://www.concordia-ny.edu/
1184,Saint Francis University,http://www.francis.edu/
1185,SUNY Cobleskill,http://www.cobleskill.edu/
1186,Vincennes University,http://www.vinu.edu/
1187,Clarke University,http://www.clarke.edu/
1188,Trevecca Nazarene University,http://www.trevecca.edu/
1189,Dominican College,http://www.dc.edu/
1190,Marylhurst University,http://www.marylhurst.edu/
1191,West Virginia State University,http://www.wvstateu.edu/
1192,Bethune-Cookman University,http://www.cookman.edu/
1193,Langston University,http://www.langston.edu/
1194,Rocky Mountain College,http://www.rocky.edu/
1195,Wingate University,http://www.wingate.edu/
1196,Kendall College,http://www.kendall.edu/
1197,Cambridge College,http://www.cambridgecollege.edu/
1198,South Texas College,http://www.southtexascollege.edu/
1199,Belmont Abbey College,http://belmontabbeycollege.edu/
1200,Malone University,http://www.malone.edu/
1201,Albany State University,http://www.asurams.edu/
1202,Georgia Southwestern State University,http://www.gsw.edu/
1203,Coppin State University,http://www.coppin.edu/
1204,Lasell College,http://www.lasell.edu/
1205,Polk State College,http://www.polk.edu/
1206,Bard College at Simon's Rock,http://simons-rock.edu/
1207,Huntington University,http://www.huntington.edu/
1208,American International College,http://www.aic.edu/
1209,University of Mary,http://www.umary.edu/
1210,Emory & Henry College,http://www.ehc.edu/
1211,Millsaps College,http://www.millsaps.edu/
1212,Franciscan University of Steubenville,http://www.franciscan.edu/
1213,Huntingdon College,http://www.huntingdon.edu/
1214,Unity College,http://www.unity.edu/
1215,Indiana Institute of Technology,http://www.indianatech.edu/
1216,Goddard College,http://www.goddard.edu/
1217,Mount Mercy University,http://www.mtmercy.edu/
1218,St. Louis College of Pharmacy,http://www.stlcop.edu/
1219,Kansas City University of Medicine and Biosciences,http://www.kcumb.edu/
1220,Alaska Pacific University,http://www.alaskapacific.edu/
1221,University of Charleston,http://www.ucwv.edu/
1222,Great Basin College,http://www.gbcnv.edu/
1223,Brenau University,http://www.brenau.edu/
1224,Adrian College,http://adrian.edu/
1225,Northwest University,http://www.northwestu.edu/
1226,Colby-Sawyer College,http://colby-sawyer.edu/
1227,Mount Vernon Nazarene University,http://www.mvnu.edu/
1228,Newman University,http://newmanu.edu/
1229,Chaminade University of Honolulu,http://chaminade.edu/
1230,Texas Wesleyan University,http://txwes.edu/
1231,Wayland Baptist University,http://www.wbu.edu/
1232,Lancaster Bible College,http://www.lbc.edu/
1233,College of Saint Elizabeth,http://www.cse.edu/
1234,Cabrini University,http://www.cabrini.edu/
1235,Missouri Baptist University,http://www.mobap.edu/
1236,University of Advancing Technology,http://www.uat.edu/
1237,Maryville College,http://www.maryvillecollege.edu/
1238,MidAmerica Nazarene University,http://www.mnu.edu/
1239,Franklin Pierce University,http://www.franklinpierce.edu/
1240,Dillard University,http://www.dillard.edu/
1241,Maine College of Art,http://www.meca.edu/
1242,Tusculum College,http://www.tusculum.edu/
1243,Becker College,http://www.becker.edu/
1244,Bethel College-Indiana,http://www.bethelcollege.edu/
1245,Oakwood University,http://www.oakwood.edu/
1246,San Francisco Conservatory of Music,http://sfcm.edu/
1247,Savannah State University,http://www.savannahstate.edu/
1248,Logan University,http://www.logan.edu/
1249,Johnson C. Smith University,http://www.jcsu.edu/
1250,New England Law | Boston,http://www.nesl.edu/
1251,University of Arkansas at Monticello,http://www.uamont.edu/
1252,Sterling College,http://www.sterling.edu/
1253,Methodist University,http://www.methodist.edu/
1254,Spalding University,http://spalding.edu/
1255,Neumann University,http://www.neumann.edu/
1256,Post University,http://post.edu/
1257,Briar Cliff University,http://www.briarcliff.edu/
1258,Wesley College,http://wesley.edu/
1259,United States Coast Guard Academy,http://www.uscga.edu/
1260,Northland College,http://www.northland.edu/
1261,Thomas College,http://www.thomas.edu/
1262,Salem College,http://www.salem.edu/
1263,McMurry University,http://www.mcm.edu/
1264,Randolph-Macon College,http://www.rmc.edu/
1265,Madonna University,http://www.madonna.edu/
1266,Bryant and Stratton College,http://www.bryantstratton.edu/
1267,Holy Family University,http://www.holyfamily.edu/
1268,Thomas Aquinas College,http://thomasaquinas.edu/
1269,Stephens College,http://www.stephens.edu/
1270,SUNY College at Old Westbury,http://www.oldwestbury.edu/
1271,Columbia International University,http://www.ciu.edu/
1272,Freed-Hardeman University,http://www.fhu.edu/
1273,Belhaven University,http://www.belhaven.edu/
1274,Piedmont College,http://www.piedmont.edu/
1275,Chestnut Hill College,http://www.chc.edu/
1276,Saint Joseph's College of Maine,http://www.sjcme.edu/
1277,Eastern Nazarene College,http://enc.edu/
1278,Ferrum College,http://www.ferrum.edu/
1279,Saint Mary-of-the-Woods College,http://www.smwc.edu/
1280,Albright College,http://www.albright.edu/
1281,Felician University,http://www.felician.edu/
1282,Fielding Graduate University,http://www.fielding.edu/
1283,University of Providence,http://www.uprovidence.edu/
1284,Dakota Wesleyan University,http://www.dwu.edu/
1285,Tougaloo College,http://www.tougaloo.edu/
1286,Siena Heights University,http://sienaheights.edu/
1287,Moore College of Art and Design,http://moore.edu/
1288,Catawba College,http://catawba.edu/
1289,Trine University,http://www.trine.edu/
1290,Walsh College,http://www.walshcollege.edu/
1291,Trinity Christian College,http://www.trnty.edu/
1292,Rochester College,http://rc.edu/
1293,Concord University,http://www.concord.edu/
1294,Texas Lutheran University,http://www.tlu.edu/
1295,Medaille College,http://www.medaille.edu/
1296,Saybrook University,http://www.saybrook.edu/
1297,Abraham Baldwin Agricultural College,http://www.abac.edu/
1298,Cogswell Polytechnical College,http://cogswell.edu/
1299,Bennett College,http://www.bennett.edu/
1300,Central State University,http://www.centralstate.edu/
1301,Hodges University,http://www.hodges.edu/
1302,University of Alaska Southeast,http://www.uas.alaska.edu/
1303,Southwestern Assemblies of God University,http://www.sagu.edu/
1304,Anna Maria College,http://www.annamaria.edu/
1305,Cleveland Institute of Music,http://www.cim.edu/
1306,Robert Morris University Illinois,http://robertmorris.edu/
1307,Covenant College,http://www.covenant.edu/
1308,Lenoir-Rhyne University,http://www.lr.edu/
1309,University of Sioux Falls,http://www.usiouxfalls.edu/
1310,Dean College,http://www.dean.edu/
1311,Medgar Evers College,http://www.mec.cuny.edu/
1312,Vermont Technical College,http://www.vtc.edu/
1313,Sierra Nevada College,http://www.sierranevada.edu/
1314,Reinhardt University,http://www.reinhardt.edu/
1315,Mount Ida College,http://www.mountida.edu/
1316,Ohio Dominican University,http://www.ohiodominican.edu/
1317,Kansas City Art Institute,http://kcai.edu/
1318,Bryan College,http://www.bryan.edu/
1319,Wilmington College,http://www.wilmington.edu/
1320,Wilson College,http://www.wilson.edu/
1321,Thomas Edison State University,http://www.tesu.edu/
1322,Adventist University of Health Sciences,http://www.adu.edu/
1323,La Roche College,http://www.laroche.edu/
1324,Rockford University,http://www.rockford.edu/
1325,Keuka College,http://www.keuka.edu/
1326,Fort Valley State University,http://www.fvsu.edu/
1327,East Georgia State College,http://www.ega.edu/
1328,West Virginia Wesleyan College,http://www.wvwc.edu/
1329,Adler University,http://www.adler.edu/
1330,Texas A&M University-Texarkana,http://tamut.edu/
1331,Snow College,http://www.snow.edu/
1332,Franklin College,http://franklincollege.edu/
1333,Wells College,http://www.wells.edu/
1334,East Texas Baptist University,http://www.etbu.edu/
1335,Hastings College,http://www.hastings.edu/
1336,St. Francis College,http://www.sfc.edu/
1337,Averett University,http://www.averett.edu/
1338,LIM College,http://www.limcollege.edu/
1339,California Western School of Law,http://www.cwsl.edu/
1340,Midway University,http://www.midway.edu/
1341,Northwest Florida State College,http://www.nwfsc.edu/
1342,Virginia Wesleyan University,http://www.vwu.edu/
1343,Illinois College,http://www.ic.edu/
1344,Pine Manor College,http://www.pmc.edu/
1345,Claflin University,http://www.claflin.edu/
1346,Waldorf University,http://www.waldorf.edu/
1347,Rosemont College,http://www.rosemont.edu/
1348,Paine College,http://www.paine.edu/
1349,Northwestern Health Sciences University,http://www.nwhealth.edu/
1351,Crown College,http://www.crown.edu/
1352,Maine Maritime Academy,http://mainemaritime.edu/
1353,Montana State University-Northern,http://www.msun.edu/
1354,Benedict College,http://www.benedict.edu/
1355,Shorter University,http://www.shorter.edu/
1356,Limestone College,http://www.limestone.edu/
1357,Tiffin University,http://www.tiffin.edu/
1358,Lubbock Christian University,http://lcu.edu/
1359,Schreiner University,http://www.schreiner.edu/
1360,Avila University,http://www.avila.edu/
1361,Missouri Valley College,http://www.moval.edu/
1362,Ursuline College,http://www.ursuline.edu/
1363,Landmark College,http://www.landmark.edu/
1364,Pacifica Graduate Institute,http://www.pacifica.edu/
1365,Nichols College,http://www.nichols.edu/
1366,College of Central Florida,http://www.cf.edu/
1367,Notre Dame de Namur University,http://www.ndnu.edu/
1368,Louisiana College,http://www.lacollege.edu/
1369,Wesleyan College,http://www.wesleyancollege.edu/
1370,Midland College,http://www.midland.edu/
1371,Milwaukee Institute of Art & Design,http://www.miad.edu/
1372,Paul Smith's College,http://www.paulsmiths.edu/
1373,Mount Mary University,http://www.mtmary.edu/
1374,Southwest Baptist University,http://www.sbuniv.edu/
1375,Granite State College,http://www.granite.edu/
1376,University of Arkansas at Pine Bluff,http://www.uapb.edu/
1377,Oklahoma Wesleyan University,http://www.okwu.edu/
1378,Milligan College,http://www.milligan.edu/
1379,Tabor College,http://tabor.edu/
1380,United States Sports Academy,http://ussa.edu/
1381,University of Mobile,http://umobile.edu/
1382,Hope International University,http://www.hiu.edu/
1383,Lake Washington Institute of Technology,http://www.lwtech.edu/
1384,Brown Mackie College,http://www.brownmackie.edu/
1385,Meharry Medical College,http://www.mmc.edu/
1386,Valley City State University,http://www.vcsu.edu/
1387,Lees-McRae College,http://www.lmc.edu/
1388,Thomas More College,http://www.thomasmore.edu/
1389,Thomas Jefferson School of Law,http://www.tjsl.edu/
1390,St. Joseph's College,http://www.sjcny.edu/
1391,College of Our Lady of the Elms,http://www.elms.edu/
1392,Roberts Wesleyan College,http://www.roberts.edu/
1393,The University of Texas Health Science Center at Tyler,http://www.uthct.edu/
1394,Albany Law School,http://www.albanylaw.edu/
1395,Grand View University,http://www.grandview.edu/
1396,Castleton University,http://www.castleton.edu/
1397,The University of Virginia's College at Wise,http://www.uvawise.edu/
1398,Northeast Ohio Medical University,http://www.neomed.edu/
1399,Olivet College,http://www.olivetcollege.edu/
1400,University of Maine at Farmington,http://www.umf.maine.edu/
1401,Warner Pacific College,http://www.warnerpacific.edu/
1402,Ave Maria University,http://www.avemaria.edu/
1403,Howard Payne University,http://www.hputx.edu/
1404,SUNY College of Optometry,http://www.sunyopt.edu/
1405,Cazenovia College,http://www.cazenovia.edu/
1406,Marymount Manhattan College,http://www.mmm.edu/
1407,Air Force Institute of Technology,http://www.afit.edu/
1408,LaGrange College,http://www.lagrange.edu/
1409,Virginia Union University,http://www.vuu.edu/
1410,American Jewish University,http://www.aju.edu/
1411,Judson University,http://www.judsonu.edu/
1412,Lindsey Wilson College,http://www.lindsey.edu/
1413,Lourdes University,http://www.lourdes.edu/
1414,North Greenville University,http://www.ngu.edu/
1415,Fisher College,http://www.fisher.edu/
1416,Bethany Lutheran College,http://www.blc.edu/
1417,Capitol Technology University,http://www.captechu.edu/
1418,Coker College,http://www.coker.edu/
1419,Brescia University,http://www.brescia.edu/
1420,William Woods University,http://www.williamwoods.edu/
1421,Oklahoma Panhandle State University,http://www.opsu.edu/
1422,Newberry College,http://www.newberry.edu/
1423,The College of Idaho,http://www.collegeofidaho.edu/
1424,Pensacola State College,http://www.pensacolastate.edu/
1425,William Jessup University,http://www.jessup.edu/
1426,Florida SouthWestern State College,http://www.fsw.edu/
1427,Multnomah University,http://www.multnomah.edu/
1428,Mississippi Valley State University,http://www.mvsu.edu/
1429,The Institute of World Politics,http://www.iwp.edu/
1430,Mars Hill University,http://www.mhu.edu/
1431,Brevard College,http://brevard.edu/
1432,William Penn University,http://www.wmpenn.edu/
1433,University of Northwestern Ohio,http://www.unoh.edu/
1434,West Virginia University at Parkersburg,http://www.wvup.edu/
1435,Cardinal Stritch University,http://www.stritch.edu/
1436,Anderson University,http://www.andersonuniversity.edu/
1437,Ohio Christian University,http://www.ohiochristian.edu/
1438,Bismarck State College,http://bismarckstate.edu/
1439,Saint Johns River State College,http://www.sjrstate.edu/
1440,University of Saint Joseph,http://www.usj.edu/
1441,Benjamin Franklin Institute of Technology,http://www.bfit.edu/
1442,Huston-Tillotson University,http://htu.edu/
1443,Cheyney University of Pennsylvania,http://www.cheyney.edu/
1444,Shaw University,http://www.shawu.edu/
1445,Southern Virginia University,http://svu.edu/
1446,McPherson College,http://www.mcpherson.edu/
1447,Keystone College,http://www.keystone.edu/
1448,College of Mount Saint Vincent,http://mountsaintvincent.edu/
1449,Northwestern Oklahoma State University,http://www.nwosu.edu/
1450,Southern Wesleyan University,http://www.swu.edu/
1451,Eureka College,http://www.eureka.edu/
1452,West Liberty University,http://westliberty.edu/
1453,Southern University at New Orleans,http://www.suno.edu/
1454,Cranbrook Academy of Art,http://cranbrookart.edu/
1455,Peru State College,http://www.peru.edu/
1456,Albany College of Pharmacy and Health Sciences,http://www.acphs.edu/
1457,Randolph College,http://www.randolphcollege.edu/
1458,Albertus Magnus College,http://www.albertus.edu/
1459,University of Jamestown,http://www.uj.edu/
1460,Notre Dame College,http://www.notredamecollege.edu/
1461,University of Pikeville,http://www.upike.edu/
1462,Edward Waters College,http://www.ewc.edu/
1463,North Central University,http://www.northcentral.edu/
1464,Cumberland University,http://www.cumberland.edu/
1465,Mount Aloysius College,http://www.mtaloy.edu/
1466,Clarkson College,http://www.clarksoncollege.edu/
1467,Louisiana State University Health Sciences Center-Shreveport,http://www.lsuhscshreveport.edu/
1468,Young Harris College,http://www.yhc.edu/
1469,Centenary University,http://www.centenaryuniversity.edu/
1470,Florida Memorial University,http://www.fmuniv.edu/
1471,Dunwoody College of Technology,http://dunwoody.edu/
1472,Nebraska Methodist College,http://www.methodistcollege.edu/
1473,Waynesburg University,http://www.waynesburg.edu/
1474,Goodwin College,http://www.goodwin.edu/
1475,Schiller International University,http://www.schiller.edu/
1476,Northern Vermont University,http://www.northernvermont.edu/
1477,Bluefield College,http://www.bluefield.edu/
1478,Urbana University,http://www.urbana.edu/
1479,Columbia College-Hollywood,http://columbiacollege.edu/
1480,Defiance College,http://www.defiance.edu/
1481,South College,http://www.south.edu/
1482,New York School of Interior Design,http://www.nysid.edu/
1483,Concordia University Ann Arbor,http://www.cuaa.edu/
1484,Corban University,http://www.corban.edu/
1485,Erskine College,http://www.erskine.edu/
1486,Central Methodist University,http://www.centralmethodist.edu/
1487,Toccoa Falls College,http://tfc.edu/
1488,"Marian University, Wisconsin",http://www.marianuniversity.edu/
1489,College of Saint Mary,http://www.csm.edu/
1490,Gordon State College,http://www.gordonstate.edu/
1491,Kansas Wesleyan University,http://www.kwu.edu/
1492,Maryland University of Integrative Health,http://www.muih.edu/
1493,Thiel College,http://www.thiel.edu/
1494,Cairn University,http://cairn.edu/
1495,Bay State College,http://www.baystate.edu/
1496,"Union College, Kentucky",http://www.unionky.edu/
1497,William James College,http://www.williamjames.edu/
1498,Bethany College,http://www.bethanywv.edu/
1499,Alice Lloyd College,http://www.alc.edu/
1500,Principia College,http://www.principiacollege.edu/
1501,Kentucky Wesleyan College,http://kwc.edu/
1502,Goldey-Beacom College,http://www.gbc.edu/
1503,MacMurray College,http://www.mac.edu/
1504,Monmouth College,http://www.monmouthcollege.edu/
1505,Boston Graduate School of Psychoanalysis,http://www.bgsp.edu/
1506,Mayville State University,http://mayvillestate.edu/
1507,"Bethany College, Kansas",http://www.bethanylb.edu/
1508,Centralia College,http://www.centralia.edu/
1509,St. Thomas Aquinas College,http://www.stac.edu/
1510,William Jewell College,http://jewell.edu/
1511,Finlandia University,http://www.finlandia.edu/
1512,Southern Vermont College,http://svc.edu/
1513,Calumet College of St. Joseph,http://www.ccsj.edu/
1514,Holy Cross College,http://www.hcc-nd.edu/
1515,Parker University,http://www.parker.edu/
1516,Touro University California,http://www.tu.edu/
1517,Mount Marty College,http://www.mtmc.edu/
1518,University of Saint Francis,http://www.sf.edu/
1519,Amberton University,http://www.amberton.edu/
1520,University of South Carolina-Beaufort,http://www.uscb.edu/
1521,Brazosport College,http://www.brazosport.edu/
1522,Alderson Broaddus University,http://ab.edu/
1523,"Westminster College, Missouri",http://www.westminster-mo.edu/
1524,Union Institute & University,http://myunion.edu/
1525,University of Rio Grande,http://www.rio.edu/
1526,Chowan University,http://www.chowan.edu/
1527,Northern Vermont University,http://www.northernvermont.edu/
1528,University of Mount Olive,http://umo.edu/
1529,Mitchell College,http://mitchell.edu/
1530,Martin Luther College,http://mlc-wels.edu/
1531,College of Coastal Georgia,http://www.ccga.edu/
1532,Peirce College,http://www.peirce.edu/
1533,Hilbert College,http://www.hilbert.edu/
1534,Beacon College,http://www.beaconcollege.edu/
1535,Menlo College,http://www.menlo.edu/
1536,Blackburn College,http://blackburn.edu/
1537,Art Academy of Cincinnati,http://www.artacademy.edu/
1538,Culver-Stockton College,http://www.culver.edu/
1539,Barton College,http://www.barton.edu/
1540,University of Science and Arts of Oklahoma,http://usao.edu/
1541,University of Maine at Presque Isle,http://www.umpi.edu/
1542,York College,http://www.york.edu/
1543,Indiana University East,http://www.iue.edu/
1544,Louisiana State University of Alexandria,http://www.lsua.edu/
1545,Southern College of Optometry,http://www.sco.edu/
1546,Pacific Oaks College,http://www.pacificoaks.edu/
1547,Maranatha Baptist University,http://www.mbu.edu/
1548,Roseman University of Health Sciences,http://www.roseman.edu/
1549,Vaughn College of Aeronautics and Technology,http://www.vaughn.edu/
1550,Washington Adventist University,http://www.wau.edu/
1551,Hannibal-LaGrange University,http://www.hlg.edu/
1552,New England College of Optometry,http://www.neco.edu/
1553,Chipola College,http://www.chipola.edu/
1554,West Virginia University Institute of Technology,http://www.wvutech.edu/
1555,Oakland City University,http://www.oak.edu/
1556,Florida National University,http://www.fnu.edu/
1557,"Union College, Nebraska",http://www.ucollege.edu/
1558,Nazarene Bible College,http://www.nbc.edu/
1559,Cincinnati Christian University,http://www.ccuniversity.edu/
1560,Salus University,http://www.salus.edu/
1561,Dickinson State University,http://www.dickinsonstate.edu/
1562,William Peace University,http://www.peace.edu/
1563,Jefferson College of Health Sciences,http://www.jchs.edu/
1564,Mid-America Christian University,http://www.macu.edu/
1565,University of Maine at Fort Kent,http://www.umfk.edu/
1566,Memphis College of Art,http://mca.edu/
1567,Piedmont International University,http://www.piedmontu.edu/
1568,Allen University,http://www.allenuniversity.edu/
1569,Hebrew College,http://www.hebrewcollege.edu/
1570,Johnson University,http://www.johnsonu.edu/
1571,Simpson University,http://simpsonu.edu/
1572,Livingstone College,http://livingstone.edu/
1573,Williams Baptist University,https://williamsbu.edu/
1574,University of Western States,http://www.uws.edu/
1575,Lake Erie College,http://www.lec.edu/
1576,Newbury College,http://newbury.edu/
1577,Clarks Summit University,http://www.clarkssummitu.edu/
1578,Judson College,http://www.judson.edu/
1579,Central Baptist College,http://www.cbc.edu/
1580,Warner University,http://www.warner.edu/
1581,University of Saint Mary,http://www.stmary.edu/
1582,Voorhees College,http://www.voorhees.edu/
1583,Bluefield State College,http://www.bluefieldstate.edu/
1584,Cleveland University-Kansas City,http://www.cleveland.edu/
1585,Thomas University,http://www.thomasu.edu/
1586,Midland University,http://www.midlandu.edu/
1587,Pennsylvania College of Art and Design,http://pcad.edu/
1588,Webber International University,http://webber.edu/
1589,Heritage University,http://www.heritage.edu/
1590,Bacone College,http://www.bacone.edu/
1591,San Diego Christian College,http://sdcc.edu/
1592,CUNY School of Law,http://www.law.cuny.edu/
1593,Marshall B. Ketchum University,http://www.ketchum.edu/
1594,Adler Graduate School,http://alfredadler.edu/
1595,"Bethel University, Tennessee",http://www.bethelu.edu/
1596,Mount Saint Mary's University,http://www.msmu.edu/
1597,Faith Baptist Bible College and Theological Seminary,http://www.faith.edu/
1598,Lane College,http://www.lanecollege.edu/
1599,Ozark Christian College,http://occ.edu/
1600,Central Christian College of the Bible,http://cccb.edu/
1601,Indiana University Kokomo,http://www.iuk.edu/
1602,Silver Lake College of the Holy Family,http://www.sl.edu/
1603,Bryn Athyn College,http://brynathyn.edu/
1604,The King's College,http://www.tkc.edu/
1605,Palo Alto University,http://www.paloaltou.edu/
1606,University of the West,http://www.uwest.edu/
1607,Trocaire College,http://trocaire.edu/
1608,University of Valley Forge,http://www.valleyforge.edu/
1609,"Sterling College, Vermont",http://sterlingcollege.edu/
1610,Emmaus Bible College,http://www.emmaus.edu/
1611,Miles College,http://www.miles.edu/
1612,Thomas More College of Liberal Arts,http://thomasmorecollege.edu/
1613,Santa Fe University of Art and Design,http://santafeuniversity.edu/
1614,College of St. Joseph,http://www.csj.edu/
1615,Barnes-Jewish College Goldfarb School of Nursing,http://www.barnesjewishcollege.edu/
1616,Relay Graduate School of Education,http://relay.edu/
1617,Martin Methodist College,http://www.martinmethodist.edu/
1618,Dallas Christian College,http://www.dallas.edu/
1619,Lincoln Christian University,http://lincolnchristian.edu/
1620,"Emmanuel College, Georgia",http://www.ec.edu/
1621,Davis & Elkins College,http://www.dewv.edu/
1622,Harris-Stowe State University,http://www.hssu.edu/
1623,Western State College of Law at Argosy University,http://www.wsulaw.edu/
1624,Cottey College,http://www.cottey.edu/
1625,Central Christian College of Kansas,http://www.centralchristian.edu/
1626,Morris College,http://www.morris.edu/
1627,Ohio Valley University,http://www.ovu.edu/
1628,West Virginia School of Osteopathic Medicine,http://www.wvsom.edu/
1629,Mount Carmel College of Nursing,http://www.mccn.edu/
1630,Kentucky Christian University,http://www.kcu.edu/
1631,Atlanta Metropolitan State College,http://www.atlm.edu/
1632,LeMoyne-Owen College,http://www.loc.edu/
1633,"Lincoln University, California",http://www.lincolnuca.edu/
1634,Greensboro College,http://www.greensboro.edu/
1635,"Aquinas College, Tennessee",http://www.aquinascollege.edu/
1636,Blue Mountain College,http://www.bmc.edu/
1637,"Columbia College, South Carolina",http://www.columbiasc.edu/
1638,Glenville State College,http://www.glenville.edu/
1639,Talladega College,http://www.talladega.edu/
1640,Appalachian Bible College,http://abc.edu/
1641,Mercy College of Health Sciences,http://www.mchs.edu/
1642,Florida College,http://www.floridacollege.edu/
1643,Pardee RAND Graduate School,http://www.prgs.edu/
1644,Grace University,http://www.graceuniversity.edu/
1645,Oregon College of Art and Craft,http://ocac.edu/
1646,Metropolitan College of New York,http://www.mcny.edu/
1647,New York Academy of Art,http://nyaa.edu/
1648,Massachusetts School of Law,http://www.mslaw.edu/
1649,Presentation College,http://www.presentation.edu/
1650,Northern New Mexico College,http://nnmc.edu/
1651,Jarvis Christian College,http://www.jarvis.edu/
1652,Lincoln College,http://lincolncollege.edu/
1653,Texas College,http://www.texascollege.edu/
1654,New York College of Podiatric Medicine,http://www.nycpm.edu/
1655,Manhattan Christian College,http://mccks.edu/
1656,The School of Architecture at Taliesin,http://taliesin.edu/
1657,Villa Maria College,http://www.villa.edu/
1658,Rust College,http://www.rustcollege.edu/
1659,The University of Montana Western,http://www.umwestern.edu/
1660,Criswell College,http://www.criswell.edu/
1661,Humphreys University,http://www.humphreys.edu/
1662,Montserrat College of Art,https://www.montserrat.edu/
1663,Dominican School of Philosophy & Theology,http://www.dspt.edu/
1664,Paul Quinn College,http://www.pqc.edu/
1665,University of the Southwest,http://www.usw.edu/
1666,Illinois College of Optometry,http://www.ico.edu/
1667,Holy Apostles College and Seminary,http://www.holyapostles.edu/
1668,Barclay College,http://www.barclaycollege.edu/
1669,The Baptist College of Florida,http://www.baptistcollege.edu/
1670,Great Lakes Christian College,http://www.glcc.edu/
1671,Truett McConnell University,http://truett.edu/
1672,Philander Smith College,http://www.philander.edu/
1673,Vermont College of Fine Arts,http://vcfa.edu/
1674,St Andrews University,http://www.sa.edu/
1675,Wilberforce University,http://wilberforce.edu/
1676,Neumont University,http://www.neumont.edu/
1677,Mercy College of Ohio,http://www.mercycollege.edu/
1678,University of the Rockies,http://www.rockies.edu/
1679,Baptist Memorial College of Health Sciences,http://www.bchs.edu/
1680,University of the Potomac,http://potomac.edu/
1681,"Watkins College of Art, Design & Film",http://www.watkins.edu/
1682,Stillman College,http://stillman.edu/
1683,Iowa Wesleyan University,http://www.iw.edu/
1684,Life Pacific College,http://lifepacific.edu/
1685,Laguna College of Art and Design,http://www.lcad.edu/
1686,Kettering College,http://kc.edu/
1687,Kuyper College,http://www.kuyper.edu/
1688,Marymount California University,http://www.marymountcalifornia.edu/
1689,Everglades University,http://www.evergladesuniversity.edu/
1690,St. Gregory's University,http://www.stgregorys.edu/
1691,Cleary University,http://www.cleary.edu/
1692,Northwest Christian University,http://www.nwcu.edu/
1693,Conway School of Landscape Design,http://www.csld.edu/
1694,VanderCook College of Music,http://www.vandercook.edu/
1695,Patten University,http://www.patten.edu/
1696,Appalachian College of Pharmacy,http://www.acp.edu/
1697,Salem International University,http://www.salemu.edu/
1698,Oak Hills Christian College,http://www.oakhills.edu/
1699,Catholic Theological Union,http://ctu.edu/
1700,Alaska Bible College,http://www.akbible.edu/
1701,Allen College,http://www.allencollege.edu/
1702,Martin University,http://www.martin.edu/
1703,Sofia University,http://www.sofia.edu/
1704,Trinity College of Florida,http://trinitycollege.edu/
1705,Tennessee Wesleyan University,http://www.tnwesleyan.edu/
1706,Lake Forest Graduate School of Management,http://www.lakeforestmba.edu/
1707,Webb Institute,http://www.webb.edu/
1708,Arizona Christian University,https://arizonachristian.edu/
1709,Rocky Vista University,http://www.rvu.edu/
1710,Davis College,http://www.davisny.edu/
1711,Florida Gateway College,http://www.fgc.edu/
1712,Gratz College,http://www.gratz.edu/
1713,God's Bible School and College,http://www.gbs.edu/
1714,Brewton-Parker College,http://www.bpc.edu/
1715,Lincoln College of New England,http://www.lincolncollegene.edu/
1716,University of Holy Cross,http://uhcno.edu/
1717,Midstate College,http://www.midstate.edu/
1718,Five Towns College,http://www.ftc.edu/
1719,Wiley College,http://www.wileyc.edu/
1720,Grace Christian University,http://gracechristian.edu/
1721,Franciscan Missionaries of Our Lady University,http://www.franu.edu/
1722,Calvary University,http://www.calvary.edu/
1723,Phillips Graduate University,http://www.pgu.edu/
1724,Shimer College,http://www.shimer.edu/
1725,South Georgia State College,http://www.sgsc.edu/
1726,Welch College,http://welch.edu/
1727,Maria College,http://mariacollege.edu/
1728,The College of Westchester,http://www.cw.edu/
1729,Donnelly College,http://www.donnelly.edu/
1730,Southern University Law Center,http://www.sulc.edu/
1731,Point University,http://point.edu/
1732,Nevada State College,http://nsc.edu/
1733,The Wright Institute,http://www.wi.edu/
1734,Pontifical Faculty of the Immaculate Conception,http://dhs.edu/
1735,Trinity Bible College,http://www.trinitybiblecollege.edu/
1736,Rocky Mountain University of Health Professions,http://rmuohp.edu/
1737,Blessing-Rieman College of Nursing,http://www.brcn.edu/
1738,East-West University,http://www.eastwest.edu/
1739,Crossroads College,http://www.crossroadscollege.edu/
1740,"Southwestern College, Santa Fe",http://www.swc.edu/
1741,Cox College,http://coxcollege.edu/
1742,Boricua College,http://www.boricuacollege.edu/
1743,Lakeview College of Nursing,http://www.lakeviewcol.edu/
1744,Boise Bible College,http://www.boisebible.edu/
1745,Nebraska Christian College,http://nechristian.edu/
1747,Beulah Heights University,http://www.beulah.edu/
1748,United States University,http://www.usuniversity.edu/
1749,Labouré College,http://www.laboure.edu/
1750,Mid-Atlantic Christian University,http://www.macuniversity.edu/
1751,Resurrection University,http://resu.edu/
1752,John Paul the Great Catholic University,http://jpcatholic.edu/
1753,Southwestern Christian University,http://swcu.edu/
1754,Briarcliffe College,http://www.briarcliffe.edu/
1755,Middle Tennessee School of Anesthesia,http://mtsa.edu/
1756,Pennsylvania College of Health Sciences,http://www.pacollege.edu/
1757,Jamestown Business College,http://www.jbc.edu/
1758,The King's University,http://www.tku.edu/
1759,Plaza College,http://www.plazacollege.edu/
1760,Concordia College Alabama,http://www.ccal.edu/
1761,College of Biblical Studies,http://www.cbshouston.edu/
1762,Saint Anthony College of Nursing,http://www.sacn.edu/
1763,Wade College,http://www.wadecollege.edu/
1764,Crowley's Ridge College,http://www.crc.edu/
1765,Heritage Christian University,http://www.hcu.edu/
1766,Arlington Baptist University,http://www.abu.edu/
1767,Bellin College,http://www.bellincollege.edu/
1768,Clear Creek Baptist Bible College,http://www.ccbbc.edu/
1769,New Hope Christian College,http://www.newhope.edu/
1770,Trinity College of Nursing & Health Sciences,http://www.trinitycollegeqc.edu/
1771,Pillar College,http://pillar.edu/
1772,San Joaquin College of Law,http://www.sjcl.edu/
1773,Saint Luke's College of Health Sciences,http://saintlukescollege.edu/
1774,Saint Augustine College,http://www.staugustine.edu/
1775,St. Louis Christian College,http://stlchristian.edu/
1776,Columbia College of Nursing,http://www.ccon.edu/
1777,Michigan School of Psychology,https://msp.edu/
1778,The University of West Los Angeles,http://uwla.edu/
1779,Richmont Graduate University,http://www.richmont.edu/
1780,Saint Francis Medical Center College of Nursing,https://www.osfhealthcare.org/sfmccon/
1781,Ecclesia College,http://ecollege.edu/
1782,Baptist Bible College,http://gobbc.edu/
1783,American Baptist College,http://abcnash.edu/
1784,Northpoint Bible College,http://northpoint.edu/
1785,Wisconsin School of Professional Psychology,http://www.wspp.edu/
1786,Research College of Nursing,http://researchcollege.edu/
1788,Methodist College,http://www.methodistcol.edu/
1789,Baptist University of the Americas,http://www.bua.edu/
1790,Crossroads Bible College,http://www.crossroads.edu/
1791,Tri-State Bible College,http://www.tsbc.edu/
1792,Good Samaritan College of Nursing and Health Science,http://www.gscollege.edu/
1793,Bryan College of Health Sciences,http://www.bryanhealthcollege.edu/
1794,The National Graduate School of Quality Management,http://ngs.edu/
1795,Denver College of Nursing,http://www.denvercollegeofnursing.edu/
1796,John Wesley University,http://johnwesley.edu/
1797,Southeastern Baptist College,http://southeasternbaptist.edu/
1798,WON Institute of Graduate Studies,http://www.woninstitute.edu/
1799,Southwest University of Visual Arts,http://suva.edu/
1800,Helene Fuld College of Nursing,http://www.helenefuld.edu/
1801,Bethesda University,http://buc.edu/
1802,Providence Christian College,http://www.providencecc.edu/
1803,Northeast Catholic College,http://www.northeastcatholic.edu/
1804,Indiana University Fort Wayne,http://www.iufw.edu/
Un,Geisinger Commonwealth School of Medicine,http://www.geisinger.edu/education
Un,Cabarrus College of Health Sciences,http://www.carolinashealthcare.org/cabarrus-college-of-health-sciences
Un,Irell and Manella Graduate School of Biological Sciences,http://www.cityofhope.org/education/irell-and-manella-graduate-school-of-biological-sciences
Un,The Art Institute of Pittsburgh,http://www.artinstitutes.edu/pittsburgh
Un,American Film Institute Conservatory,http://www.afi.com/Conservatory/
Un,Antioch University Santa Barbara,http://www.antioch.edu/santa-barbara/
Un,Antioch University Los Angeles,http://www.antioch.edu/los-angeles/
Un,Mayo Medical School,http://www.mayo.edu/mayo-clinic-school-of-medicine/
Un,Antioch University New England,http://www.antioch.edu/new-england/
Un,Ohio University Southern,http://www.ohio.edu/southern/
Un,Ohio University-Chillicothe,http://www.ohio.edu/chillicothe/
Un,Antioch University Seattle,http://www.antioch.edu/seattle/
