Course_Name,Course_Level,Course_Type,Cource_Description,University_Name,Link
Bachelor of Actuarial Science,Bachelors Degree,Actuarial Science,,Bond University,https://bond.edu.au/intl/program/bachelor-actuarial-science
Bachelor of Actuarial Science (Honours),Honours Degree,Actuarial Science,,Bond University,https://bond.edu.au/intl/program/bachelor-actuarial-science-honours
Bachelor of Actuarial Science/Bachelor of Laws,Bachelors Degree,"Actuarial Science, Law",,Bond University,https://bond.edu.au/intl/program/bachelor-actuarial-science-bachelor-laws
Bachelor of Architectural Studies,Bachelors Degree,Architecture and Built Environment,,Bond University,https://bond.edu.au/intl/program/bachelor-architectural-studies
Bachelor of Arts,Bachelors Degree,"Communication and Creative Media, International Relations and Humanities, Social Sciences, Psychology and Counselling",,Bond University,https://bond.edu.au/intl/program/bachelor-arts
Bachelor of Arts/Bachelor of Laws,Bachelors Degree,"Communication and Creative Media, International Relations and Humanities, Law, Social Sciences, Psychology and Counselling",,Bond University,https://bond.edu.au/intl/program/bachelor-arts-bachelor-laws
Bachelor of Biomedical Science,Bachelors Degree,"Health Sciences, Medicine",,Bond University,https://bond.edu.au/intl/program/bachelor-biomedical-science
Bachelor of Biomedical Science/Bachelor of Laws,Bachelors Degree,"Health Sciences, Law",,Bond University,https://bond.edu.au/intl/program/bachelor-biomedical-science-bachelor-laws
Bachelor of Business,Bachelors Degree,Business and Commerce,,Bond University,https://bond.edu.au/intl/program/bachelor-business
Bachelor of Business (3 Year Program),Bachelors Degree,Business and Commerce,,Bond University,https://bond.edu.au/intl/program/bachelor-business-3-year-program
Bachelor of Business Law,Bachelors Degree,Law,,Bond University,https://bond.edu.au/intl/program/bachelor-business-law
Bachelor of Business/Bachelor of Commerce,Bachelors Degree,Business and Commerce,,Bond University,https://bond.edu.au/intl/program/bachelor-business-bachelor-commerce
Bachelor of Business/Bachelor of Laws,Bachelors Degree,"Business and Commerce, Law",,Bond University,https://bond.edu.au/intl/program/bachelor-business-bachelor-laws
Bachelor of Business/Bachelor of Social Science,Bachelors Degree,"Business and Commerce, Social Sciences, Psychology and Counselling",,Bond University,https://bond.edu.au/intl/program/bachelor-business-bachelor-social-science
Bachelor of Commerce,Bachelors Degree,Business and Commerce,,Bond University,https://bond.edu.au/intl/program/bachelor-commerce
Bachelor of Commerce (3 Year Program),Bachelors Degree,Business and Commerce,,Bond University,https://bond.edu.au/intl/program/bachelor-commerce-3-year-program
Bachelor of Commerce/Bachelor of Laws,Bachelors Degree,"Business and Commerce, Law",,Bond University,https://bond.edu.au/intl/program/bachelor-commerce-bachelor-laws
Bachelor of Communication,Bachelors Degree,Communication and Creative Media,,Bond University,https://bond.edu.au/intl/program/bachelor-communication
Bachelor of Communication (Business),Bachelors Degree,"Business and Commerce, Communication and Creative Media",,Bond University,https://bond.edu.au/intl/program/bachelor-communication-business
Bachelor of Communication (Business)/Bachelor of Laws,Bachelors Degree,"Business and Commerce, Law",,Bond University,https://bond.edu.au/intl/program/bachelor-communication-business-bachelor-laws
Bachelor of Communication/Bachelor of Laws,Bachelors Degree,"Communication and Creative Media, Law",,Bond University,https://bond.edu.au/intl/program/bachelor-communication-bachelor-laws
Bachelor of Construction Management and Quantity Surveying,Bachelors Degree,Architecture and Built Environment,,Bond University,https://bond.edu.au/intl/program/bachelor-construction-management-and-quantity-surveying
Bachelor of Creative Arts,Bachelors Degree,Communication and Creative Media,,Bond University,https://bond.edu.au/intl/program/bachelor-creative-arts
Bachelor of Exercise and Sports Science,Bachelors Degree,"Health Sciences, Sport",,Bond University,https://bond.edu.au/intl/program/bachelor-exercise-and-sports-science
Bachelor of Film and Television,Bachelors Degree,Communication and Creative Media,,Bond University,https://bond.edu.au/intl/program/bachelor-film-and-television
Bachelor of Film and Television (3 Year Program),Bachelors Degree,Communication and Creative Media,,Bond University,https://bond.edu.au/intl/program/bachelor-film-and-television-3-year-program
Bachelor of Global Studies (Sustainability),Bachelors Degree,International Relations and Humanities,,Bond University,https://bond.edu.au/intl/program/bachelor-global-studies-sustainability
Bachelor of Health Sciences,Bachelors Degree,"Health Sciences, Sport",,Bond University,https://bond.edu.au/intl/program/bachelor-health-sciences
Bachelor of Health Sciences (Honours),Honours Degree,"Health Sciences, Medicine, Sport",,Bond University,https://bond.edu.au/intl/program/bachelor-health-sciences-honours
Bachelor of Interactive Media and Design,Bachelors Degree,Communication and Creative Media,,Bond University,https://bond.edu.au/intl/program/bachelor-interactive-media-and-design
Bachelor of International Hotel and Tourism Management,Bachelors Degree,Hotel and Tourism,,Bond University,https://bond.edu.au/intl/program/bachelor-international-hotel-and-tourism-management
Bachelor of International Relations,Bachelors Degree,International Relations and Humanities,,Bond University,https://bond.edu.au/intl/program/bachelor-international-relations
Bachelor of International Relations (3 Year Program),Bachelors Degree,International Relations and Humanities,,Bond University,https://bond.edu.au/intl/program/bachelor-international-relations-3-year-program
Bachelor of International Relations/Bachelor of Business,Bachelors Degree,"Business and Commerce, International Relations and Humanities",,Bond University,https://bond.edu.au/intl/program/bachelor-international-relations-bachelor-business
Bachelor of International Relations/Bachelor of Laws,Bachelors Degree,"International Relations and Humanities, Law",,Bond University,https://bond.edu.au/intl/program/bachelor-international-relations-bachelor-laws
Bachelor of Journalism,Bachelors Degree,Communication and Creative Media,,Bond University,https://bond.edu.au/intl/program/bachelor-journalism
Bachelor of Journalism/Bachelor of Laws,Bachelors Degree,"Communication and Creative Media, Law",,Bond University,https://bond.edu.au/intl/program/bachelor-journalism-bachelor-laws
Bachelor of Jurisprudence,Bachelors Degree,Law,,Bond University,https://bond.edu.au/intl/program/bachelor-jurisprudence
Bachelor of Laws,Bachelors Degree,Law,,Bond University,https://bond.edu.au/intl/program/bachelor-laws
Bachelor of Medicine / Bachelor of Surgery,Bachelors Degree,Medicine,,Bond University,https://bond.edu.au/intl/program/bachelor-medicine-bachelor-surgery
Bachelor of Property,Bachelors Degree,Architecture and Built Environment,,Bond University,https://bond.edu.au/intl/program/bachelor-property
Bachelor of Psychological Science,Bachelors Degree,"Social Sciences, Psychology and Counselling",,Bond University,https://bond.edu.au/intl/program/bachelor-psychological-science
Bachelor of Psychological Science (Honours),Honours Degree,"Social Sciences, Psychology and Counselling",,Bond University,https://bond.edu.au/intl/program/bachelor-psychological-science-honours
Bachelor of Psychological Science/Bachelor of Laws,Bachelors Degree,"Law, Social Sciences, Psychology and Counselling",,Bond University,https://bond.edu.au/intl/program/bachelor-psychological-science-bachelor-laws
Bachelor of Social Science,Bachelors Degree,"Social Sciences, Psychology and Counselling",,Bond University,https://bond.edu.au/intl/program/bachelor-social-science
Bachelor of Sport Management,Bachelors Degree,"Business and Commerce, Sport",,Bond University,https://bond.edu.au/intl/program/bachelor-sport-management
Bachelor of Sustainable Environments and Planning,Bachelors Degree,Architecture and Built Environment,,Bond University,https://bond.edu.au/intl/program/bachelor-sustainable-environments-and-planning
Doctor of Physiotherapy,Masters Extended,"Health Sciences, Sport",,Bond University,https://bond.edu.au/intl/program/doctor-physiotherapy
Executive Graduate Certificate in Leadership,Postgraduate Certificate,Business and Commerce,,Bond University,https://bond.edu.au/intl/program/executive-graduate-certificate-leadership
Graduate Certificate in Building Surveying,Postgraduate Certificate,Architecture and Built Environment,,Bond University,https://bond.edu.au/intl/program/graduate-certificate-building-surveying
Graduate Certificate in Construction Practice,Postgraduate Certificate,Architecture and Built Environment,,Bond University,https://bond.edu.au/intl/program/graduate-certificate-construction-practice
Graduate Certificate in Criminology,Postgraduate Certificate,"Social Sciences, Psychology and Counselling",,Bond University,https://bond.edu.au/intl/program/graduate-certificate-criminology
Graduate Certificate in Family Dispute Resolution,Postgraduate Certificate,Law,,Bond University,https://bond.edu.au/intl/program/graduate-certificate-family-dispute-resolution
Graduate Certificate in Global Leadership,Postgraduate Certificate,Business and Commerce,,Bond University,https://bond.edu.au/intl/program/graduate-certificate-global-leadership
Graduate Certificate in Legal Education,Postgraduate Certificate,Law,,Bond University,https://bond.edu.au/intl/program/graduate-certificate-legal-education
Graduate Certificate in Nutrition,Postgraduate Certificate,"Health Sciences, Sport",,Bond University,https://bond.edu.au/intl/program/graduate-certificate-nutrition
Graduate Certificate in Project Management,Postgraduate Certificate,Architecture and Built Environment,,Bond University,https://bond.edu.au/intl/program/graduate-certificate-project-management
Graduate Certificate in Sport Management,Postgraduate Certificate,"Business and Commerce, Sport",,Bond University,https://bond.edu.au/intl/program/graduate-certificate-sport-management
Graduate Certificate in Sports Science,Postgraduate Certificate,"Health Sciences, Sport",,Bond University,https://bond.edu.au/intl/program/graduate-certificate-sports-science
Graduate Certificate in Sustainable Environments and Planning,Postgraduate Certificate,Architecture and Built Environment,,Bond University,https://bond.edu.au/intl/program/graduate-certificate-sustainable-environments-and-planning
Graduate Certificate in TESOL,Postgraduate Certificate,International Relations and Humanities,,Bond University,https://bond.edu.au/intl/program/graduate-certificate-tesol
Graduate Certificate in TESOL (Online),Postgraduate Certificate,International Relations and Humanities,,Bond University,https://bond.edu.au/intl/program/graduate-certificate-tesol-online
Graduate Certificate of Business,Postgraduate Certificate,Business and Commerce,,Bond University,https://bond.edu.au/intl/program/graduate-certificate-business
Graduate Certificate of Business Administration,Postgraduate Certificate,Business and Commerce,,Bond University,https://bond.edu.au/intl/program/graduate-certificate-business-administration
Graduate Certificate of Valuation and Property Development,Postgraduate Certificate,Architecture and Built Environment,,Bond University,https://bond.edu.au/intl/program/graduate-certificate-valuation-and-property-development
Graduate Diploma in Building Surveying,Postgraduate Diploma,Architecture and Built Environment,,Bond University,https://bond.edu.au/intl/program/graduate-diploma-building-surveying
Graduate Diploma in Construction Practice,Postgraduate Diploma,Architecture and Built Environment,,Bond University,https://bond.edu.au/intl/program/graduate-diploma-construction-practice
Graduate Diploma in Legal Practice,Postgraduate Diploma,Law,,Bond University,https://bond.edu.au/intl/program/graduate-diploma-legal-practice
Graduate Diploma in Legal Practice (ONLINE),Postgraduate Diploma,Law,,Bond University,https://bond.edu.au/intl/program/graduate-diploma-legal-practice-online
Graduate Diploma in Nutrition,Postgraduate Diploma,"Health Sciences, Sport",,Bond University,https://bond.edu.au/intl/program/graduate-diploma-nutrition
Graduate Diploma in Project Management,Postgraduate Diploma,Architecture and Built Environment,,Bond University,https://bond.edu.au/intl/program/graduate-diploma-project-management
Graduate Diploma in Sport Management,Postgraduate Diploma,"Business and Commerce, Sport",,Bond University,https://bond.edu.au/intl/program/graduate-diploma-sport-management
Graduate Diploma in Sports Science,Postgraduate Diploma,"Health Sciences, Sport",,Bond University,https://bond.edu.au/intl/program/graduate-diploma-sports-science
Graduate Diploma in Sustainable Environments and Planning,Postgraduate Diploma,Architecture and Built Environment,,Bond University,https://bond.edu.au/intl/program/graduate-diploma-sustainable-environments-and-planning
Graduate Diploma of Psychological Science,Postgraduate Diploma,"Social Sciences, Psychology and Counselling",,Bond University,https://bond.edu.au/intl/program/graduate-diploma-psychological-science
Graduate Diploma of Valuation and Property Development,Postgraduate Diploma,Architecture and Built Environment,,Bond University,https://bond.edu.au/intl/program/graduate-diploma-valuation-and-property-development
Juris Doctor,Masters Coursework,Law,,Bond University,https://bond.edu.au/intl/program/juris-doctor
Master of Accounting,Masters Coursework,Business and Commerce,,Bond University,https://bond.edu.au/intl/program/master-accounting
Master of Accounting (Professional),Masters Coursework,Business and Commerce,,Bond University,https://bond.edu.au/intl/program/master-accounting-professional
Master of Accounting/Master of Business Administration,Masters Coursework,Business and Commerce,,Bond University,https://bond.edu.au/intl/program/master-accounting-master-business-administration
Master of Actuarial Practice,Masters Coursework,Actuarial Science,,Bond University,https://bond.edu.au/intl/program/master-actuarial-practice
Master of Actuarial Science,Masters Coursework,Actuarial Science,,Bond University,https://bond.edu.au/intl/program/master-actuarial-science
Master of Actuarial Science (Specialisation),Masters Coursework,Actuarial Science,,Bond University,https://bond.edu.au/intl/program/master-actuarial-science-specialisation
Master of Architecture,Masters Coursework,Architecture and Built Environment,,Bond University,https://bond.edu.au/intl/program/master-architecture
Master of Architecture/Master of Project Management,Masters Coursework,Architecture and Built Environment,,Bond University,https://bond.edu.au/intl/program/master-architecture-master-project-management
Master of Arts (by Research),Master Research,"International Relations and Humanities, Social Sciences, Psychology and Counselling",,Bond University,https://bond.edu.au/intl/program/master-arts-research
Master of Arts (Coursework),Masters Coursework,"International Relations and Humanities, Social Sciences, Psychology and Counselling",,Bond University,https://bond.edu.au/intl/program/master-arts-coursework
Master of Arts (TESOL),Masters Coursework,International Relations and Humanities,,Bond University,https://bond.edu.au/intl/program/master-arts-tesol
Master of Arts (TESOL) (online),Masters Coursework,International Relations and Humanities,,Bond University,https://bond.edu.au/intl/program/master-arts-tesol-online
Master of Building Surveying,Masters Coursework,Architecture and Built Environment,,Bond University,https://bond.edu.au/intl/program/master-building-surveying
Master of Business,Masters Coursework,Business and Commerce,,Bond University,https://bond.edu.au/intl/program/master-business
Master of Business (Professional),Masters Coursework,Business and Commerce,,Bond University,https://bond.edu.au/intl/program/master-business-professional
Master of Business Administration,Masters Coursework,Business and Commerce,,Bond University,https://bond.edu.au/intl/program/master-business-administration
Master of Business Administration (Executive),Masters Coursework,Business and Commerce,,Bond University,https://bond.edu.au/intl/program/master-business-administration-executive
Master of Business Administration (Professional),Masters Coursework,Business and Commerce,,Bond University,https://bond.edu.au/intl/program/master-business-administration-professional
Master of Business Administration (Specialisation),Masters Coursework,Business and Commerce,,Bond University,https://bond.edu.au/intl/program/master-business-administration-specialisation
Master of Business Administration/Master of Project Management,Masters Coursework,"Architecture and Built Environment, Business and Commerce",,Bond University,https://bond.edu.au/intl/program/master-business-administration-master-project-management
Master of Business Data Analytics,Masters Coursework,Business and Commerce,,Bond University,https://bond.edu.au/intl/program/master-business-data-analytics
Master of Business Data Analytics (Professional),Masters Coursework,Business and Commerce,,Bond University,https://bond.edu.au/intl/program/master-business-data-analytics-professional
Master of Communication,Masters Coursework,Communication and Creative Media,,Bond University,https://bond.edu.au/intl/program/master-communication
Master of Communication (Professional),Masters Coursework,Communication and Creative Media,,Bond University,https://bond.edu.au/intl/program/master-communication-professional
Master of Communication/Master of Project Management,Masters Coursework,"Architecture and Built Environment, Communication and Creative Media",,Bond University,https://bond.edu.au/intl/program/master-communication-master-project-management
Master of Construction Practice,Masters Coursework,Architecture and Built Environment,,Bond University,https://bond.edu.au/intl/program/master-construction-practice
Master of Construction Practice (Professional),Masters Coursework,Architecture and Built Environment,,Bond University,https://bond.edu.au/intl/program/master-construction-practice-professional
Master of Construction Practice/Master of Project Management,Masters Coursework,Architecture and Built Environment,,Bond University,https://bond.edu.au/intl/program/master-construction-practice-master-project-management
Master of Criminology,Masters Coursework,"Social Sciences, Psychology and Counselling",,Bond University,https://bond.edu.au/intl/program/master-criminology
Master of Criminology (Professional),Masters Coursework,"Social Sciences, Psychology and Counselling",,Bond University,https://bond.edu.au/intl/program/master-criminology-professional
Master of Criminology/Master of Project Management,Masters Coursework,"Architecture and Built Environment, Social Sciences, Psychology and Counselling",,Bond University,https://bond.edu.au/intl/program/master-criminology-master-project-management
Master of Finance,Masters Coursework,Business and Commerce,,Bond University,https://bond.edu.au/intl/program/master-finance
Master of Finance (Professional),Masters Coursework,Business and Commerce,,Bond University,https://bond.edu.au/intl/program/master-finance-professional
Master of Finance/Master of Business Administration,Masters Coursework,Business and Commerce,,Bond University,https://bond.edu.au/intl/program/master-finance-master-business-administration
Master of Financial Management,Masters Coursework,Business and Commerce,,Bond University,https://bond.edu.au/intl/program/master-financial-management
Master of Financial Management (Professional),Masters Coursework,Business and Commerce,,Bond University,https://bond.edu.au/intl/program/master-financial-management-professional
Master of International Relations,Masters Coursework,International Relations and Humanities,,Bond University,https://bond.edu.au/intl/program/master-international-relations
Master of International Relations (Professional),Masters Coursework,International Relations and Humanities,,Bond University,https://bond.edu.au/intl/program/master-international-relations-professional
Master of International Relations/Master of Project Management,Masters Coursework,"Architecture and Built Environment, International Relations and Humanities",,Bond University,https://bond.edu.au/intl/program/master-international-relations-master-project-management
Master of Laws,Masters Coursework,Law,,Bond University,https://bond.edu.au/intl/program/master-laws
Master of Laws (by Research),Master Research,Law,,Bond University,https://bond.edu.au/intl/program/master-laws-research
Master of Legal Administration,Masters Coursework,Law,,Bond University,https://bond.edu.au/intl/program/master-legal-administration
Master of Nutrition and Dietetic Practice,Masters Extended,"Health Sciences, Sport",,Bond University,https://bond.edu.au/intl/program/master-nutrition-and-dietetic-practice
Master of Occupational Therapy,Masters Extended,"Health Sciences, Sport",,Bond University,https://bond.edu.au/intl/program/master-occupational-therapy
ogram-type=,a-study-area=,"uilt Environment, Business and Commerce, Communication and Creative Media, International Relations and Humanities, Social Sciences, Psychology and Counselling",,Bond University,https://bond.edu.au/intl/program/master-philosophy
Master of Project Management,Masters Coursework,Architecture and Built Environment,,Bond University,https://bond.edu.au/intl/program/master-project-management
Master of Project Management (Professional),Masters Coursework,Architecture and Built Environment,,Bond University,https://bond.edu.au/intl/program/master-project-management-professional
Master of Psychology (Clinical),Masters Coursework,"Social Sciences, Psychology and Counselling",,Bond University,https://bond.edu.au/intl/program/master-psychology-clinical
Master of Science by Research (Health Sciences),Master Research,"Health Sciences, Medicine, Sport",,Bond University,https://bond.edu.au/intl/program/master-science-research-health-sciences
Master of Sport Management,Masters Coursework,"Business and Commerce, Sport",,Bond University,https://bond.edu.au/intl/program/master-sport-management
Master of Sport Management (Professional),Masters Coursework,"Business and Commerce, Sport",,Bond University,https://bond.edu.au/intl/program/master-sport-management-professional
Master of Sport Management/Master of Project Management,Masters Coursework,Business and Commerce,,Bond University,https://bond.edu.au/intl/program/master-sport-management-master-project-management
Master of Sports Science,Masters Coursework,"Health Sciences, Sport",,Bond University,https://bond.edu.au/intl/program/master-sports-science
Master of Sustainable Environments and Planning,Masters Coursework,Architecture and Built Environment,,Bond University,https://bond.edu.au/intl/program/master-sustainable-environments-and-planning
Master of Sustainable Environments and Planning (Professional),Masters Coursework,Architecture and Built Environment,,Bond University,https://bond.edu.au/intl/program/master-sustainable-environments-and-planning-professional
Master of Sustainable Environments and Planning/Master of Project Management,Masters Coursework,Architecture and Built Environment,,Bond University,https://bond.edu.au/intl/program/master-sustainable-environments-and-planning-master-project-management
Master of Valuation and Property Development,Masters Coursework,Architecture and Built Environment,,Bond University,https://bond.edu.au/intl/program/master-valuation-and-property-development
Master of Valuation and Property Development (Professional),Masters Coursework,Architecture and Built Environment,,Bond University,https://bond.edu.au/intl/program/master-valuation-and-property-development-professional
Master of Valuation and Property Development/Master of Project Management,Masters Coursework,Architecture and Built Environment,,Bond University,https://bond.edu.au/intl/program/master-valuation-and-property-development-master-project-management
